[debug] [2026-08-03T20:53:42.460Z] ----------------------------------------------------------------------
[debug] [2026-08-03T20:53:42.463Z] Command:       C:\Program Files\nodejs\node.exe C:\Users\DBRAGG14\AppData\Local\npm-cache\_npx\7750544ccf494d8b\node_modules\firebase-tools\lib\bin\firebase.js deploy --only functions --project playground-pulse-8e2c4
[debug] [2026-08-03T20:53:42.463Z] CLI Version:   15.25.1
[debug] [2026-08-03T20:53:42.464Z] Platform:      win32
[debug] [2026-08-03T20:53:42.464Z] Node Version:  v24.18.1
[debug] [2026-08-03T20:53:42.464Z] Detected Agent: github_copilot_vscode_agent
[debug] [2026-08-03T20:53:42.464Z] Time:          Mon Aug 03 2026 16:53:42 GMT-0400 (Eastern Daylight Time)
[debug] [2026-08-03T20:53:42.464Z] ----------------------------------------------------------------------
[debug] 
[debug] [2026-08-03T20:53:50.897Z] > command requires scopes: ["email","openid","https://www.googleapis.com/auth/cloudplatformprojects.readonly","https://www.googleapis.com/auth/firebase","https://www.googleapis.com/auth/cloud-platform"]
[debug] [2026-08-03T20:53:50.897Z] > authorizing via signed-in user (dannylbragg@gmail.com)
[debug] [2026-08-03T20:53:50.897Z] [iam] checking project playground-pulse-8e2c4 for permissions ["cloudfunctions.functions.create","cloudfunctions.functions.delete","cloudfunctions.functions.get","cloudfunctions.functions.list","cloudfunctions.functions.update","cloudfunctions.operations.get","firebase.projects.get"]
[debug] [2026-08-03T20:53:50.910Z] Checked if tokens are valid: true, expires at: 1785793995014
[debug] [2026-08-03T20:53:50.910Z] Checked if tokens are valid: true, expires at: 1785793995014
[debug] [2026-08-03T20:53:50.911Z] >>> [apiv2][query] POST https://cloudresourcemanager.googleapis.com/v1/projects/playground-pulse-8e2c4:testIamPermissions [none]
[debug] [2026-08-03T20:53:50.912Z] >>> [apiv2][(partial)header] POST https://cloudresourcemanager.googleapis.com/v1/projects/playground-pulse-8e2c4:testIamPermissions  x-goog-user-project=playground-pulse-8e2c4
[debug] [2026-08-03T20:53:50.912Z] >>> [apiv2][body] POST https://cloudresourcemanager.googleapis.com/v1/projects/playground-pulse-8e2c4:testIamPermissions {"permissions":["cloudfunctions.functions.create","cloudfunctions.functions.delete","cloudfunctions.functions.get","cloudfunctions.functions.list","cloudfunctions.functions.update","cloudfunctions.operations.get","firebase.projects.get"]}
[debug] [2026-08-03T20:53:51.174Z] <<< [apiv2][status] POST https://cloudresourcemanager.googleapis.com/v1/projects/playground-pulse-8e2c4:testIamPermissions 200
[debug] [2026-08-03T20:53:51.175Z] <<< [apiv2][body] POST https://cloudresourcemanager.googleapis.com/v1/projects/playground-pulse-8e2c4:testIamPermissions {"permissions":["cloudfunctions.functions.create","cloudfunctions.functions.delete","cloudfunctions.functions.get","cloudfunctions.functions.list","cloudfunctions.functions.update","cloudfunctions.operations.get","firebase.projects.get"]}
[debug] [2026-08-03T20:53:51.175Z] Checked if tokens are valid: true, expires at: 1785793995014
[debug] [2026-08-03T20:53:51.175Z] Checked if tokens are valid: true, expires at: 1785793995014
[debug] [2026-08-03T20:53:51.176Z] >>> [apiv2][query] POST https://iam.googleapis.com/v1/projects/playground-pulse-8e2c4/serviceAccounts/playground-pulse-8e2c4@appspot.gserviceaccount.com:testIamPermissions [none]
[debug] [2026-08-03T20:53:51.176Z] >>> [apiv2][body] POST https://iam.googleapis.com/v1/projects/playground-pulse-8e2c4/serviceAccounts/playground-pulse-8e2c4@appspot.gserviceaccount.com:testIamPermissions {"permissions":["iam.serviceAccounts.actAs"]}
[debug] [2026-08-03T20:53:51.584Z] <<< [apiv2][status] POST https://iam.googleapis.com/v1/projects/playground-pulse-8e2c4/serviceAccounts/playground-pulse-8e2c4@appspot.gserviceaccount.com:testIamPermissions 404
[debug] [2026-08-03T20:53:51.584Z] <<< [apiv2][body] POST https://iam.googleapis.com/v1/projects/playground-pulse-8e2c4/serviceAccounts/playground-pulse-8e2c4@appspot.gserviceaccount.com:testIamPermissions {"error":{"code":404,"message":"Unknown service account","status":"NOT_FOUND"}}
[debug] [2026-08-03T20:53:51.585Z] [functions] service account IAM check errored, deploy may fail: Request to https://iam.googleapis.com/v1/projects/playground-pulse-8e2c4/serviceAccounts/playground-pulse-8e2c4@appspot.gserviceaccount.com:testIamPermissions had HTTP Error: 404, Unknown service account {"name":"FirebaseError","children":[],"context":{"body":{"error":{"code":404,"message":"Unknown service account","status":"NOT_FOUND"}},"response":{"statusCode":404}},"exit":1,"message":"Request to https://iam.googleapis.com/v1/projects/playground-pulse-8e2c4/serviceAccounts/playground-pulse-8e2c4@appspot.gserviceaccount.com:testIamPermissions had HTTP Error: 404, Unknown service account","status":404}
[info] 
[info] === Deploying to 'playground-pulse-8e2c4'...
[info] 
[info] i  deploying functions 
[debug] [2026-08-03T20:53:51.590Z] Checked if tokens are valid: true, expires at: 1785793995014
[debug] [2026-08-03T20:53:51.590Z] Checked if tokens are valid: true, expires at: 1785793995014
[debug] [2026-08-03T20:53:51.590Z] >>> [apiv2][query] GET https://serviceusage.googleapis.com/v1/projects/playground-pulse-8e2c4/services/cloudresourcemanager.googleapis.com [none]
[debug] [2026-08-03T20:53:51.590Z] >>> [apiv2][(partial)header] GET https://serviceusage.googleapis.com/v1/projects/playground-pulse-8e2c4/services/cloudresourcemanager.googleapis.com  x-goog-user-project=playground-pulse-8e2c4
[debug] [2026-08-03T20:53:52.067Z] <<< [apiv2][status] GET https://serviceusage.googleapis.com/v1/projects/playground-pulse-8e2c4/services/cloudresourcemanager.googleapis.com 200
[debug] [2026-08-03T20:53:52.067Z] <<< [apiv2][body] GET https://serviceusage.googleapis.com/v1/projects/playground-pulse-8e2c4/services/cloudresourcemanager.googleapis.com [omitted]
[debug] [2026-08-03T20:53:52.075Z] Checked if tokens are valid: true, expires at: 1785793995014
[debug] [2026-08-03T20:53:52.075Z] Checked if tokens are valid: true, expires at: 1785793995014
[debug] [2026-08-03T20:53:52.075Z] >>> [apiv2][query] GET https://cloudresourcemanager.googleapis.com/v1/projects/playground-pulse-8e2c4 [none]
[debug] [2026-08-03T20:53:52.213Z] <<< [apiv2][status] GET https://cloudresourcemanager.googleapis.com/v1/projects/playground-pulse-8e2c4 200
[debug] [2026-08-03T20:53:52.213Z] <<< [apiv2][body] GET https://cloudresourcemanager.googleapis.com/v1/projects/playground-pulse-8e2c4 {"projectNumber":"1077539477518","projectId":"playground-pulse-8e2c4","lifecycleState":"ACTIVE","name":"Playground Pulse","labels":{"firebase":"enabled","firebase-core":"disabled"},"createTime":"2026-07-09T19:29:02.543Z"}
[info] i  functions: preparing codebase default for deployment 
[info] i  functions: ensuring required API cloudfunctions.googleapis.com is enabled... 
[debug] [2026-08-03T20:53:52.216Z] Checked if tokens are valid: true, expires at: 1785793995014
[debug] [2026-08-03T20:53:52.216Z] Checked if tokens are valid: true, expires at: 1785793995014
[debug] [2026-08-03T20:53:52.218Z] Checked if tokens are valid: true, expires at: 1785793995014
[debug] [2026-08-03T20:53:52.218Z] Checked if tokens are valid: true, expires at: 1785793995014
[info] i  functions: ensuring required API cloudbuild.googleapis.com is enabled... 
[debug] [2026-08-03T20:53:52.220Z] Checked if tokens are valid: true, expires at: 1785793995014
[debug] [2026-08-03T20:53:52.220Z] Checked if tokens are valid: true, expires at: 1785793995014
[info] i  artifactregistry: ensuring required API artifactregistry.googleapis.com is enabled... 
[debug] [2026-08-03T20:53:52.222Z] Checked if tokens are valid: true, expires at: 1785793995014
[debug] [2026-08-03T20:53:52.222Z] Checked if tokens are valid: true, expires at: 1785793995014
[debug] [2026-08-03T20:53:52.222Z] >>> [apiv2][query] GET https://serviceusage.googleapis.com/v1/projects/playground-pulse-8e2c4/services/cloudfunctions.googleapis.com [none]
[debug] [2026-08-03T20:53:52.222Z] >>> [apiv2][(partial)header] GET https://serviceusage.googleapis.com/v1/projects/playground-pulse-8e2c4/services/cloudfunctions.googleapis.com  x-goog-user-project=playground-pulse-8e2c4
[debug] [2026-08-03T20:53:52.222Z] >>> [apiv2][query] GET https://serviceusage.googleapis.com/v1/projects/playground-pulse-8e2c4/services/runtimeconfig.googleapis.com [none]
[debug] [2026-08-03T20:53:52.222Z] >>> [apiv2][(partial)header] GET https://serviceusage.googleapis.com/v1/projects/playground-pulse-8e2c4/services/runtimeconfig.googleapis.com  x-goog-user-project=playground-pulse-8e2c4
[debug] [2026-08-03T20:53:52.223Z] >>> [apiv2][query] GET https://serviceusage.googleapis.com/v1/projects/playground-pulse-8e2c4/services/cloudbuild.googleapis.com [none]
[debug] [2026-08-03T20:53:52.224Z] >>> [apiv2][(partial)header] GET https://serviceusage.googleapis.com/v1/projects/playground-pulse-8e2c4/services/cloudbuild.googleapis.com  x-goog-user-project=playground-pulse-8e2c4
[debug] [2026-08-03T20:53:52.224Z] >>> [apiv2][query] GET https://serviceusage.googleapis.com/v1/projects/playground-pulse-8e2c4/services/artifactregistry.googleapis.com [none]
[debug] [2026-08-03T20:53:52.224Z] >>> [apiv2][(partial)header] GET https://serviceusage.googleapis.com/v1/projects/playground-pulse-8e2c4/services/artifactregistry.googleapis.com  x-goog-user-project=playground-pulse-8e2c4
[debug] [2026-08-03T20:53:52.499Z] <<< [apiv2][status] GET https://serviceusage.googleapis.com/v1/projects/playground-pulse-8e2c4/services/cloudfunctions.googleapis.com 200
[debug] [2026-08-03T20:53:52.499Z] <<< [apiv2][body] GET https://serviceusage.googleapis.com/v1/projects/playground-pulse-8e2c4/services/cloudfunctions.googleapis.com [omitted]
[warn] !  functions: missing required API cloudfunctions.googleapis.com. Enabling now... 
[debug] [2026-08-03T20:53:52.500Z] Checked if tokens are valid: true, expires at: 1785793995014
[debug] [2026-08-03T20:53:52.500Z] Checked if tokens are valid: true, expires at: 1785793995014
[debug] [2026-08-03T20:53:52.500Z] >>> [apiv2][query] POST https://serviceusage.googleapis.com/v1/projects/playground-pulse-8e2c4/services/cloudfunctions.googleapis.com:enable [none]
[debug] [2026-08-03T20:53:52.500Z] >>> [apiv2][(partial)header] POST https://serviceusage.googleapis.com/v1/projects/playground-pulse-8e2c4/services/cloudfunctions.googleapis.com:enable  x-goog-user-project=playground-pulse-8e2c4
[debug] [2026-08-03T20:53:52.582Z] <<< [apiv2][status] GET https://serviceusage.googleapis.com/v1/projects/playground-pulse-8e2c4/services/runtimeconfig.googleapis.com 200
[debug] [2026-08-03T20:53:52.582Z] <<< [apiv2][body] GET https://serviceusage.googleapis.com/v1/projects/playground-pulse-8e2c4/services/runtimeconfig.googleapis.com [omitted]
[debug] [2026-08-03T20:53:52.594Z] <<< [apiv2][status] GET https://serviceusage.googleapis.com/v1/projects/playground-pulse-8e2c4/services/cloudbuild.googleapis.com 200
[debug] [2026-08-03T20:53:52.594Z] <<< [apiv2][body] GET https://serviceusage.googleapis.com/v1/projects/playground-pulse-8e2c4/services/cloudbuild.googleapis.com [omitted]
[warn] !  functions: missing required API cloudbuild.googleapis.com. Enabling now... 
[debug] [2026-08-03T20:53:52.594Z] Checked if tokens are valid: true, expires at: 1785793995014
[debug] [2026-08-03T20:53:52.594Z] Checked if tokens are valid: true, expires at: 1785793995014
[debug] [2026-08-03T20:53:52.594Z] >>> [apiv2][query] POST https://serviceusage.googleapis.com/v1/projects/playground-pulse-8e2c4/services/cloudbuild.googleapis.com:enable [none]
[debug] [2026-08-03T20:53:52.594Z] >>> [apiv2][(partial)header] POST https://serviceusage.googleapis.com/v1/projects/playground-pulse-8e2c4/services/cloudbuild.googleapis.com:enable  x-goog-user-project=playground-pulse-8e2c4
[debug] [2026-08-03T20:53:52.597Z] <<< [apiv2][status] GET https://serviceusage.googleapis.com/v1/projects/playground-pulse-8e2c4/services/artifactregistry.googleapis.com 200
[debug] [2026-08-03T20:53:52.597Z] <<< [apiv2][body] GET https://serviceusage.googleapis.com/v1/projects/playground-pulse-8e2c4/services/artifactregistry.googleapis.com [omitted]
[warn] !  artifactregistry: missing required API artifactregistry.googleapis.com. Enabling now... 
[debug] [2026-08-03T20:53:52.597Z] Checked if tokens are valid: true, expires at: 1785793995014
[debug] [2026-08-03T20:53:52.597Z] Checked if tokens are valid: true, expires at: 1785793995014
[debug] [2026-08-03T20:53:52.597Z] >>> [apiv2][query] POST https://serviceusage.googleapis.com/v1/projects/playground-pulse-8e2c4/services/artifactregistry.googleapis.com:enable [none]
[debug] [2026-08-03T20:53:52.597Z] >>> [apiv2][(partial)header] POST https://serviceusage.googleapis.com/v1/projects/playground-pulse-8e2c4/services/artifactregistry.googleapis.com:enable  x-goog-user-project=playground-pulse-8e2c4
[debug] [2026-08-03T20:53:53.209Z] <<< [apiv2][status] POST https://serviceusage.googleapis.com/v1/projects/playground-pulse-8e2c4/services/cloudfunctions.googleapis.com:enable 200
[debug] [2026-08-03T20:53:53.209Z] <<< [apiv2][body] POST https://serviceusage.googleapis.com/v1/projects/playground-pulse-8e2c4/services/cloudfunctions.googleapis.com:enable [omitted]
[debug] [2026-08-03T20:53:53.387Z] <<< [apiv2][status] POST https://serviceusage.googleapis.com/v1/projects/playground-pulse-8e2c4/services/artifactregistry.googleapis.com:enable 200
[debug] [2026-08-03T20:53:53.388Z] <<< [apiv2][body] POST https://serviceusage.googleapis.com/v1/projects/playground-pulse-8e2c4/services/artifactregistry.googleapis.com:enable [omitted]
[debug] [2026-08-03T20:53:53.479Z] <<< [apiv2][status] POST https://serviceusage.googleapis.com/v1/projects/playground-pulse-8e2c4/services/cloudbuild.googleapis.com:enable 200
[debug] [2026-08-03T20:53:53.479Z] <<< [apiv2][body] POST https://serviceusage.googleapis.com/v1/projects/playground-pulse-8e2c4/services/cloudbuild.googleapis.com:enable [omitted]
[debug] [2026-08-03T20:54:03.503Z] Checked if tokens are valid: true, expires at: 1785793995014
[debug] [2026-08-03T20:54:03.504Z] Checked if tokens are valid: true, expires at: 1785793995014
[debug] [2026-08-03T20:54:03.504Z] >>> [apiv2][query] GET https://firebase.googleapis.com/v1beta1/projects/playground-pulse-8e2c4/adminSdkConfig [none]
[debug] [2026-08-03T20:54:03.876Z] <<< [apiv2][status] GET https://firebase.googleapis.com/v1beta1/projects/playground-pulse-8e2c4/adminSdkConfig 200
[debug] [2026-08-03T20:54:03.876Z] <<< [apiv2][body] GET https://firebase.googleapis.com/v1beta1/projects/playground-pulse-8e2c4/adminSdkConfig {"projectId":"playground-pulse-8e2c4","storageBucket":"playground-pulse-8e2c4.firebasestorage.app"}
[debug] [2026-08-03T20:54:03.876Z] Checked if tokens are valid: true, expires at: 1785793995014
[debug] [2026-08-03T20:54:03.876Z] Checked if tokens are valid: true, expires at: 1785793995014
[debug] [2026-08-03T20:54:03.876Z] >>> [apiv2][query] GET https://runtimeconfig.googleapis.com/v1beta1/projects/playground-pulse-8e2c4/configs [none]
[debug] [2026-08-03T20:54:04.240Z] <<< [apiv2][status] GET https://runtimeconfig.googleapis.com/v1beta1/projects/playground-pulse-8e2c4/configs 200
[debug] [2026-08-03T20:54:04.240Z] <<< [apiv2][body] GET https://runtimeconfig.googleapis.com/v1beta1/projects/playground-pulse-8e2c4/configs {}
[debug] [2026-08-03T20:54:04.245Z] Validating nodejs source
[warn] !  functions: Runtime Node.js 20 was deprecated on 2026-04-30 and will be decommissioned on 2026-10-30, after which you will not be able to deploy without upgrading. Consider upgrading now to avoid disruption. See https://cloud.google.com/functions/docs/runtime-support for full details on the lifecycle policy 
[warn] !  functions: package.json indicates an outdated version of firebase-functions. Please upgrade using npm install --save firebase-functions@latest in your functions directory. 
[warn] !  functions: Please note that there will be breaking changes when you upgrade. 
[debug] [2026-08-03T20:54:06.175Z] > [functions] package.json contents: {
  "name": "playground-pulse-functions",
  "private": true,
  "type": "module",
  "main": "index.js",
  "engines": {
    "node": "20"
  },
  "scripts": {
    "lint": "node --check index.js",
    "serve": "firebase emulators:start --only functions",
    "deploy": "firebase deploy --only functions"
  },
  "dependencies": {
    "firebase-admin": "^13.0.0",
    "firebase-functions": "^6.0.0"
  }
}
[debug] [2026-08-03T20:54:06.175Z] Building nodejs source
[info] i  functions: Loading and analyzing source code for codebase default to determine what to deploy 
[debug] [2026-08-03T20:54:06.176Z] Could not find functions.yaml. Must use http discovery
[debug] [2026-08-03T20:54:06.188Z] Found firebase-functions binary at 'C:\Users\DBRAGG14\OneDrive - azureford\Documents\0. Workstreams\Ford-UDM_Partnership_Program\Playground-Pulse\functions\node_modules\.bin\firebase-functions'
[info] Serving at port 8116

[debug] [2026-08-03T20:54:07.900Z] Got response from /__/functions.yaml {"endpoints":{"inviteAdminUser":{"availableMemoryMb":null,"timeoutSeconds":null,"minInstances":null,"maxInstances":null,"ingressSettings":null,"concurrency":null,"serviceAccountEmail":null,"vpc":null,"platform":"gcfv2","labels":{},"callableTrigger":{},"entryPoint":"inviteAdminUser"}},"specVersion":"v1alpha1","requiredAPIs":[],"extensions":{}}
[debug] [2026-08-03T20:54:10.949Z] Checked if tokens are valid: true, expires at: 1785793995014
[debug] [2026-08-03T20:54:10.949Z] Checked if tokens are valid: true, expires at: 1785793995014
[debug] [2026-08-03T20:54:10.949Z] >>> [apiv2][query] GET https://cloudfunctions.googleapis.com/v1/projects/playground-pulse-8e2c4/locations/-/functions [none]
[debug] [2026-08-03T20:54:11.640Z] <<< [apiv2][status] GET https://cloudfunctions.googleapis.com/v1/projects/playground-pulse-8e2c4/locations/-/functions 200
[debug] [2026-08-03T20:54:11.640Z] <<< [apiv2][body] GET https://cloudfunctions.googleapis.com/v1/projects/playground-pulse-8e2c4/locations/-/functions {}
[debug] [2026-08-03T20:54:11.640Z] Checked if tokens are valid: true, expires at: 1785793995014
[debug] [2026-08-03T20:54:11.641Z] Checked if tokens are valid: true, expires at: 1785793995014
[debug] [2026-08-03T20:54:11.641Z] >>> [apiv2][query] GET https://cloudfunctions.googleapis.com/v2/projects/playground-pulse-8e2c4/locations/-/functions filter=environment%3D%22GEN_2%22
[debug] [2026-08-03T20:54:12.084Z] <<< [apiv2][status] GET https://cloudfunctions.googleapis.com/v2/projects/playground-pulse-8e2c4/locations/-/functions 200
[debug] [2026-08-03T20:54:12.084Z] <<< [apiv2][body] GET https://cloudfunctions.googleapis.com/v2/projects/playground-pulse-8e2c4/locations/-/functions {}
[info] i  extensions: ensuring required API firebaseextensions.googleapis.com is enabled... 
[debug] [2026-08-03T20:54:12.087Z] Checked if tokens are valid: true, expires at: 1785793995014
[debug] [2026-08-03T20:54:12.087Z] Checked if tokens are valid: true, expires at: 1785793995014
[debug] [2026-08-03T20:54:12.087Z] >>> [apiv2][query] GET https://serviceusage.googleapis.com/v1/projects/playground-pulse-8e2c4/services/firebaseextensions.googleapis.com [none]
[debug] [2026-08-03T20:54:12.087Z] >>> [apiv2][(partial)header] GET https://serviceusage.googleapis.com/v1/projects/playground-pulse-8e2c4/services/firebaseextensions.googleapis.com  x-goog-user-project=playground-pulse-8e2c4
[debug] [2026-08-03T20:54:12.511Z] <<< [apiv2][status] GET https://serviceusage.googleapis.com/v1/projects/playground-pulse-8e2c4/services/firebaseextensions.googleapis.com 200
[debug] [2026-08-03T20:54:12.511Z] <<< [apiv2][body] GET https://serviceusage.googleapis.com/v1/projects/playground-pulse-8e2c4/services/firebaseextensions.googleapis.com [omitted]
[warn] !  extensions: missing required API firebaseextensions.googleapis.com. Enabling now... 
[debug] [2026-08-03T20:54:12.512Z] Checked if tokens are valid: true, expires at: 1785793995014
[debug] [2026-08-03T20:54:12.512Z] Checked if tokens are valid: true, expires at: 1785793995014
[debug] [2026-08-03T20:54:12.512Z] >>> [apiv2][query] POST https://serviceusage.googleapis.com/v1/projects/playground-pulse-8e2c4/services/firebaseextensions.googleapis.com:enable [none]
[debug] [2026-08-03T20:54:12.512Z] >>> [apiv2][(partial)header] POST https://serviceusage.googleapis.com/v1/projects/playground-pulse-8e2c4/services/firebaseextensions.googleapis.com:enable  x-goog-user-project=playground-pulse-8e2c4
[debug] [2026-08-03T20:54:13.206Z] <<< [apiv2][status] POST https://serviceusage.googleapis.com/v1/projects/playground-pulse-8e2c4/services/firebaseextensions.googleapis.com:enable 200
[debug] [2026-08-03T20:54:13.206Z] <<< [apiv2][body] POST https://serviceusage.googleapis.com/v1/projects/playground-pulse-8e2c4/services/firebaseextensions.googleapis.com:enable [omitted]
[debug] [2026-08-03T20:54:23.227Z] > command requires scopes: ["email","openid","https://www.googleapis.com/auth/cloudplatformprojects.readonly","https://www.googleapis.com/auth/firebase","https://www.googleapis.com/auth/cloud-platform"]
[debug] [2026-08-03T20:54:23.227Z] > authorizing via signed-in user (dannylbragg@gmail.com)
[debug] [2026-08-03T20:54:23.227Z] [iam] checking project playground-pulse-8e2c4 for permissions ["firebase.projects.get","firebaseextensions.instances.list"]
[debug] [2026-08-03T20:54:23.228Z] Checked if tokens are valid: true, expires at: 1785793995014
[debug] [2026-08-03T20:54:23.228Z] Checked if tokens are valid: true, expires at: 1785793995014
[debug] [2026-08-03T20:54:23.228Z] >>> [apiv2][query] POST https://cloudresourcemanager.googleapis.com/v1/projects/playground-pulse-8e2c4:testIamPermissions [none]
[debug] [2026-08-03T20:54:23.228Z] >>> [apiv2][(partial)header] POST https://cloudresourcemanager.googleapis.com/v1/projects/playground-pulse-8e2c4:testIamPermissions  x-goog-user-project=playground-pulse-8e2c4
[debug] [2026-08-03T20:54:23.228Z] >>> [apiv2][body] POST https://cloudresourcemanager.googleapis.com/v1/projects/playground-pulse-8e2c4:testIamPermissions {"permissions":["firebase.projects.get","firebaseextensions.instances.list"]}
[debug] [2026-08-03T20:54:23.443Z] <<< [apiv2][status] POST https://cloudresourcemanager.googleapis.com/v1/projects/playground-pulse-8e2c4:testIamPermissions 200
[debug] [2026-08-03T20:54:23.443Z] <<< [apiv2][body] POST https://cloudresourcemanager.googleapis.com/v1/projects/playground-pulse-8e2c4:testIamPermissions {"permissions":["firebase.projects.get","firebaseextensions.instances.list"]}
[debug] [2026-08-03T20:54:23.443Z] Checked if tokens are valid: true, expires at: 1785793995014
[debug] [2026-08-03T20:54:23.443Z] Checked if tokens are valid: true, expires at: 1785793995014
[debug] [2026-08-03T20:54:23.443Z] >>> [apiv2][query] GET https://firebaseextensions.googleapis.com/v1beta/projects/playground-pulse-8e2c4/instances pageSize=100&pageToken=
[debug] [2026-08-03T20:54:23.787Z] <<< [apiv2][status] GET https://firebaseextensions.googleapis.com/v1beta/projects/playground-pulse-8e2c4/instances 403
[debug] [2026-08-03T20:54:23.787Z] <<< [apiv2][body] GET https://firebaseextensions.googleapis.com/v1beta/projects/playground-pulse-8e2c4/instances {"error":{"code":403,"message":"Firebase Extensions API has not been used in project playground-pulse-8e2c4 before or it is disabled. Enable it by visiting https://console.developers.google.com/apis/api/firebaseextensions.googleapis.com/overview?project=playground-pulse-8e2c4 then retry. If you enabled this API recently, wait a few minutes for the action to propagate to our systems and retry.","status":"PERMISSION_DENIED","details":[{"@type":"type.googleapis.com/google.rpc.ErrorInfo","reason":"SERVICE_DISABLED","domain":"googleapis.com","metadata":{"service":"firebaseextensions.googleapis.com","consumer":"projects/playground-pulse-8e2c4","containerInfo":"playground-pulse-8e2c4","activationUrl":"https://console.developers.google.com/apis/api/firebaseextensions.googleapis.com/overview?project=playground-pulse-8e2c4","serviceTitle":"Firebase Extensions API"}},{"@type":"type.googleapis.com/google.rpc.LocalizedMessage","locale":"en-US","message":"Firebase Extensions API has not been used in project playground-pulse-8e2c4 before or it is disabled. Enable it by visiting https://console.developers.google.com/apis/api/firebaseextensions.googleapis.com/overview?project=playground-pulse-8e2c4 then retry. If you enabled this API recently, wait a few minutes for the action to propagate to our systems and retry."},{"@type":"type.googleapis.com/google.rpc.Help","links":[{"description":"Google developers console API activation","url":"https://console.developers.google.com/apis/api/firebaseextensions.googleapis.com/overview?project=playground-pulse-8e2c4"}]}]}}
[error] !!  extensions: Failed to fetch the list of extensions. Assuming for now that there are no existing extensions. If you are trying to install an extension through Firebase Functions this may fail later. 
[debug] [2026-08-03T20:54:23.789Z] Attempting to merge .env secret bindings {} into declared secrets...)}
[debug] [2026-08-03T20:54:23.789Z] inviteAdminUser declared secrets: undefined
[info] i  functions: preparing functions directory for uploading... 
[info] i  functions: packaged C:\Users\DBRAGG14\OneDrive - azureford\Documents\0. Workstreams\Ford-UDM_Partnership_Program\Playground-Pulse\functions (33.6 KB) for uploading 
[info] i  functions: ensuring required API run.googleapis.com is enabled... 
[debug] [2026-08-03T20:54:23.825Z] Checked if tokens are valid: true, expires at: 1785793995014
[debug] [2026-08-03T20:54:23.825Z] Checked if tokens are valid: true, expires at: 1785793995014
[info] i  functions: ensuring required API eventarc.googleapis.com is enabled... 
[debug] [2026-08-03T20:54:23.827Z] Checked if tokens are valid: true, expires at: 1785793995014
[debug] [2026-08-03T20:54:23.827Z] Checked if tokens are valid: true, expires at: 1785793995014
[info] i  functions: ensuring required API pubsub.googleapis.com is enabled... 
[debug] [2026-08-03T20:54:23.829Z] Checked if tokens are valid: true, expires at: 1785793995014
[debug] [2026-08-03T20:54:23.829Z] Checked if tokens are valid: true, expires at: 1785793995014
[info] i  functions: ensuring required API storage.googleapis.com is enabled... 
[debug] [2026-08-03T20:54:23.832Z] Checked if tokens are valid: true, expires at: 1785793995014
[debug] [2026-08-03T20:54:23.832Z] Checked if tokens are valid: true, expires at: 1785793995014
[debug] [2026-08-03T20:54:23.832Z] >>> [apiv2][query] GET https://serviceusage.googleapis.com/v1/projects/1077539477518/services/run.googleapis.com [none]
[debug] [2026-08-03T20:54:23.832Z] >>> [apiv2][(partial)header] GET https://serviceusage.googleapis.com/v1/projects/1077539477518/services/run.googleapis.com  x-goog-user-project=1077539477518
[debug] [2026-08-03T20:54:23.833Z] >>> [apiv2][query] GET https://serviceusage.googleapis.com/v1/projects/1077539477518/services/eventarc.googleapis.com [none]
[debug] [2026-08-03T20:54:23.834Z] >>> [apiv2][(partial)header] GET https://serviceusage.googleapis.com/v1/projects/1077539477518/services/eventarc.googleapis.com  x-goog-user-project=1077539477518
[debug] [2026-08-03T20:54:23.835Z] >>> [apiv2][query] GET https://serviceusage.googleapis.com/v1/projects/1077539477518/services/pubsub.googleapis.com [none]
[debug] [2026-08-03T20:54:23.835Z] >>> [apiv2][(partial)header] GET https://serviceusage.googleapis.com/v1/projects/1077539477518/services/pubsub.googleapis.com  x-goog-user-project=1077539477518
[debug] [2026-08-03T20:54:23.835Z] >>> [apiv2][query] GET https://serviceusage.googleapis.com/v1/projects/1077539477518/services/storage.googleapis.com [none]
[debug] [2026-08-03T20:54:23.835Z] >>> [apiv2][(partial)header] GET https://serviceusage.googleapis.com/v1/projects/1077539477518/services/storage.googleapis.com  x-goog-user-project=1077539477518
[debug] [2026-08-03T20:54:24.211Z] <<< [apiv2][status] GET https://serviceusage.googleapis.com/v1/projects/1077539477518/services/pubsub.googleapis.com 200
[debug] [2026-08-03T20:54:24.211Z] <<< [apiv2][body] GET https://serviceusage.googleapis.com/v1/projects/1077539477518/services/pubsub.googleapis.com [omitted]
[info] +  functions: required API pubsub.googleapis.com is enabled 
[debug] [2026-08-03T20:54:24.230Z] <<< [apiv2][status] GET https://serviceusage.googleapis.com/v1/projects/1077539477518/services/eventarc.googleapis.com 200
[debug] [2026-08-03T20:54:24.230Z] <<< [apiv2][body] GET https://serviceusage.googleapis.com/v1/projects/1077539477518/services/eventarc.googleapis.com [omitted]
[warn] !  functions: missing required API eventarc.googleapis.com. Enabling now... 
[debug] [2026-08-03T20:54:24.230Z] Checked if tokens are valid: true, expires at: 1785793995014
[debug] [2026-08-03T20:54:24.230Z] Checked if tokens are valid: true, expires at: 1785793995014
[debug] [2026-08-03T20:54:24.231Z] >>> [apiv2][query] POST https://serviceusage.googleapis.com/v1/projects/1077539477518/services/eventarc.googleapis.com:enable [none]
[debug] [2026-08-03T20:54:24.231Z] >>> [apiv2][(partial)header] POST https://serviceusage.googleapis.com/v1/projects/1077539477518/services/eventarc.googleapis.com:enable  x-goog-user-project=1077539477518
[debug] [2026-08-03T20:54:24.235Z] <<< [apiv2][status] GET https://serviceusage.googleapis.com/v1/projects/1077539477518/services/run.googleapis.com 200
[debug] [2026-08-03T20:54:24.235Z] <<< [apiv2][body] GET https://serviceusage.googleapis.com/v1/projects/1077539477518/services/run.googleapis.com [omitted]
[warn] !  functions: missing required API run.googleapis.com. Enabling now... 
[debug] [2026-08-03T20:54:24.235Z] Checked if tokens are valid: true, expires at: 1785793995014
[debug] [2026-08-03T20:54:24.235Z] Checked if tokens are valid: true, expires at: 1785793995014
[debug] [2026-08-03T20:54:24.235Z] >>> [apiv2][query] POST https://serviceusage.googleapis.com/v1/projects/1077539477518/services/run.googleapis.com:enable [none]
[debug] [2026-08-03T20:54:24.235Z] >>> [apiv2][(partial)header] POST https://serviceusage.googleapis.com/v1/projects/1077539477518/services/run.googleapis.com:enable  x-goog-user-project=1077539477518
[debug] [2026-08-03T20:54:24.236Z] <<< [apiv2][status] GET https://serviceusage.googleapis.com/v1/projects/1077539477518/services/storage.googleapis.com 200
[debug] [2026-08-03T20:54:24.236Z] <<< [apiv2][body] GET https://serviceusage.googleapis.com/v1/projects/1077539477518/services/storage.googleapis.com [omitted]
[info] +  functions: required API storage.googleapis.com is enabled 
[debug] [2026-08-03T20:54:24.961Z] <<< [apiv2][status] POST https://serviceusage.googleapis.com/v1/projects/1077539477518/services/eventarc.googleapis.com:enable 200
[debug] [2026-08-03T20:54:24.961Z] <<< [apiv2][body] POST https://serviceusage.googleapis.com/v1/projects/1077539477518/services/eventarc.googleapis.com:enable [omitted]
[debug] [2026-08-03T20:54:24.996Z] <<< [apiv2][status] POST https://serviceusage.googleapis.com/v1/projects/1077539477518/services/run.googleapis.com:enable 200
[debug] [2026-08-03T20:54:24.996Z] <<< [apiv2][body] POST https://serviceusage.googleapis.com/v1/projects/1077539477518/services/run.googleapis.com:enable [omitted]
[info] i  functions: generating the service identity for pubsub.googleapis.com... 
[debug] [2026-08-03T20:54:35.013Z] Checked if tokens are valid: true, expires at: 1785793995014
[debug] [2026-08-03T20:54:35.013Z] Checked if tokens are valid: true, expires at: 1785793995014
[info] i  functions: generating the service identity for eventarc.googleapis.com... 
[debug] [2026-08-03T20:54:35.013Z] Checked if tokens are valid: true, expires at: 1785793995014
[debug] [2026-08-03T20:54:35.013Z] Checked if tokens are valid: true, expires at: 1785793995014
[debug] [2026-08-03T20:54:35.013Z] >>> [apiv2][query] POST https://serviceusage.googleapis.com/v1beta1/projects/1077539477518/services/pubsub.googleapis.com:generateServiceIdentity [none]
[debug] [2026-08-03T20:54:35.013Z] >>> [apiv2][(partial)header] POST https://serviceusage.googleapis.com/v1beta1/projects/1077539477518/services/pubsub.googleapis.com:generateServiceIdentity  x-goog-user-project=1077539477518
[debug] [2026-08-03T20:54:35.013Z] >>> [apiv2][body] POST https://serviceusage.googleapis.com/v1beta1/projects/1077539477518/services/pubsub.googleapis.com:generateServiceIdentity {}
[debug] [2026-08-03T20:54:35.014Z] >>> [apiv2][query] POST https://serviceusage.googleapis.com/v1beta1/projects/1077539477518/services/eventarc.googleapis.com:generateServiceIdentity [none]
[debug] [2026-08-03T20:54:35.014Z] >>> [apiv2][(partial)header] POST https://serviceusage.googleapis.com/v1beta1/projects/1077539477518/services/eventarc.googleapis.com:generateServiceIdentity  x-goog-user-project=1077539477518
[debug] [2026-08-03T20:54:35.014Z] >>> [apiv2][body] POST https://serviceusage.googleapis.com/v1beta1/projects/1077539477518/services/eventarc.googleapis.com:generateServiceIdentity {}
[debug] [2026-08-03T20:54:35.580Z] <<< [apiv2][status] POST https://serviceusage.googleapis.com/v1beta1/projects/1077539477518/services/pubsub.googleapis.com:generateServiceIdentity 200
[debug] [2026-08-03T20:54:35.580Z] <<< [apiv2][body] POST https://serviceusage.googleapis.com/v1beta1/projects/1077539477518/services/pubsub.googleapis.com:generateServiceIdentity {"name":"operations/finished.DONE_OPERATION","done":true,"response":{"@type":"type.googleapis.com/google.api.serviceusage.v1beta1.ServiceIdentity","email":"service-1077539477518@gcp-sa-pubsub.iam.gserviceaccount.com","uniqueId":"112610990834471840986"}}
[debug] [2026-08-03T20:54:35.788Z] <<< [apiv2][status] POST https://serviceusage.googleapis.com/v1beta1/projects/1077539477518/services/eventarc.googleapis.com:generateServiceIdentity 200
[debug] [2026-08-03T20:54:35.788Z] <<< [apiv2][body] POST https://serviceusage.googleapis.com/v1beta1/projects/1077539477518/services/eventarc.googleapis.com:generateServiceIdentity {"name":"operations/finished.DONE_OPERATION","done":true,"response":{"@type":"type.googleapis.com/google.api.serviceusage.v1beta1.ServiceIdentity","email":"service-1077539477518@gcp-sa-eventarc.iam.gserviceaccount.com","uniqueId":"100801346540280446227"}}
[debug] [2026-08-03T20:54:35.793Z] Checked if tokens are valid: true, expires at: 1785793995014
[debug] [2026-08-03T20:54:35.793Z] Checked if tokens are valid: true, expires at: 1785793995014
[debug] [2026-08-03T20:54:35.793Z] >>> [apiv2][query] GET https://cloudresourcemanager.googleapis.com/v1/projects/playground-pulse-8e2c4 [none]
[debug] [2026-08-03T20:54:36.057Z] <<< [apiv2][status] GET https://cloudresourcemanager.googleapis.com/v1/projects/playground-pulse-8e2c4 200
[debug] [2026-08-03T20:54:36.057Z] <<< [apiv2][body] GET https://cloudresourcemanager.googleapis.com/v1/projects/playground-pulse-8e2c4 {"projectNumber":"1077539477518","projectId":"playground-pulse-8e2c4","lifecycleState":"ACTIVE","name":"Playground Pulse","labels":{"firebase":"enabled","firebase-core":"disabled"},"createTime":"2026-07-09T19:29:02.543Z"}
[debug] [2026-08-03T20:54:36.057Z] Checked if tokens are valid: true, expires at: 1785793995014
[debug] [2026-08-03T20:54:36.057Z] Checked if tokens are valid: true, expires at: 1785793995014
[debug] [2026-08-03T20:54:36.057Z] >>> [apiv2][query] GET https://compute.googleapis.com/compute/v1/projects/1077539477518 [none]
[debug] [2026-08-03T20:54:36.425Z] <<< [apiv2][status] GET https://compute.googleapis.com/compute/v1/projects/1077539477518 403
[debug] [2026-08-03T20:54:36.425Z] <<< [apiv2][body] GET https://compute.googleapis.com/compute/v1/projects/1077539477518 {"error":{"code":403,"message":"Compute Engine API has not been used in project 1077539477518 before or it is disabled. Enable it by visiting https://console.developers.google.com/apis/api/compute.googleapis.com/overview?project=1077539477518 then retry. If you enabled this API recently, wait a few minutes for the action to propagate to our systems and retry.","errors":[{"message":"Compute Engine API has not been used in project 1077539477518 before or it is disabled. Enable it by visiting https://console.developers.google.com/apis/api/compute.googleapis.com/overview?project=1077539477518 then retry. If you enabled this API recently, wait a few minutes for the action to propagate to our systems and retry.","domain":"usageLimits","reason":"accessNotConfigured","extendedHelp":"https://console.developers.google.com"}],"status":"PERMISSION_DENIED","details":[{"@type":"type.googleapis.com/google.rpc.ErrorInfo","reason":"SERVICE_DISABLED","domain":"googleapis.com","metadata":{"activationUrl":"https://console.developers.google.com/apis/api/compute.googleapis.com/overview?project=1077539477518","service":"compute.googleapis.com","consumer":"projects/1077539477518","serviceTitle":"Compute Engine API","containerInfo":"1077539477518"}},{"@type":"type.googleapis.com/google.rpc.LocalizedMessage","locale":"en-US","message":"Compute Engine API has not been used in project 1077539477518 before or it is disabled. Enable it by visiting https://console.developers.google.com/apis/api/compute.googleapis.com/overview?project=1077539477518 then retry. If you enabled this API recently, wait a few minutes for the action to propagate to our systems and retry."},{"@type":"type.googleapis.com/google.rpc.Help","links":[{"description":"Google developers console API activation","url":"https://console.developers.google.com/apis/api/compute.googleapis.com/overview?project=1077539477518"}]}]}}
[debug] [2026-08-03T20:54:36.425Z] unable to look up default compute service account. Falling back to 1077539477518-compute@developer.gserviceaccount.com. Error: {"name":"FirebaseError","children":[],"context":{"body":{"error":{"code":403,"message":"Compute Engine API has not been used in project 1077539477518 before or it is disabled. Enable it by visiting https://console.developers.google.com/apis/api/compute.googleapis.com/overview?project=1077539477518 then retry. If you enabled this API recently, wait a few minutes for the action to propagate to our systems and retry.","errors":[{"message":"Compute Engine API has not been used in project 1077539477518 before or it is disabled. Enable it by visiting https://console.developers.google.com/apis/api/compute.googleapis.com/overview?project=1077539477518 then retry. If you enabled this API recently, wait a few minutes for the action to propagate to our systems and retry.","domain":"usageLimits","reason":"accessNotConfigured","extendedHelp":"https://console.developers.google.com"}],"status":"PERMISSION_DENIED","details":[{"@type":"type.googleapis.com/google.rpc.ErrorInfo","reason":"SERVICE_DISABLED","domain":"googleapis.com","metadata":{"activationUrl":"https://console.developers.google.com/apis/api/compute.googleapis.com/overview?project=1077539477518","service":"compute.googleapis.com","consumer":"projects/1077539477518","serviceTitle":"Compute Engine API","containerInfo":"1077539477518"}},{"@type":"type.googleapis.com/google.rpc.LocalizedMessage","locale":"en-US","message":"Compute Engine API has not been used in project 1077539477518 before or it is disabled. Enable it by visiting https://console.developers.google.com/apis/api/compute.googleapis.com/overview?project=1077539477518 then retry. If you enabled this API recently, wait a few minutes for the action to propagate to our systems and retry."},{"@type":"type.googleapis.com/google.rpc.Help","links":[{"description":"Google developers console API activation","url":"https://console.developers.google.com/apis/api/compute.googleapis.com/overview?project=1077539477518"}]}]}},"response":{"statusCode":403}},"exit":1,"message":"Request to https://compute.googleapis.com/compute/v1/projects/1077539477518 had HTTP Error: 403, Compute Engine API has not been used in project 1077539477518 before or it is disabled. Enable it by visiting https://console.developers.google.com/apis/api/compute.googleapis.com/overview?project=1077539477518 then retry. If you enabled this API recently, wait a few minutes for the action to propagate to our systems and retry.","status":403}
[debug] [2026-08-03T20:54:36.429Z] Checked if tokens are valid: true, expires at: 1785793995014
[debug] [2026-08-03T20:54:36.430Z] Checked if tokens are valid: true, expires at: 1785793995014
[debug] [2026-08-03T20:54:36.430Z] >>> [apiv2][query] GET https://serviceusage.googleapis.com/v1/projects/playground-pulse-8e2c4/services/cloudbilling.googleapis.com [none]
[debug] [2026-08-03T20:54:36.430Z] >>> [apiv2][(partial)header] GET https://serviceusage.googleapis.com/v1/projects/playground-pulse-8e2c4/services/cloudbilling.googleapis.com  x-goog-user-project=playground-pulse-8e2c4
[debug] [2026-08-03T20:54:36.731Z] <<< [apiv2][status] GET https://serviceusage.googleapis.com/v1/projects/playground-pulse-8e2c4/services/cloudbilling.googleapis.com 200
[debug] [2026-08-03T20:54:36.732Z] <<< [apiv2][body] GET https://serviceusage.googleapis.com/v1/projects/playground-pulse-8e2c4/services/cloudbilling.googleapis.com [omitted]
[debug] [2026-08-03T20:54:36.732Z] Checked if tokens are valid: true, expires at: 1785793995014
[debug] [2026-08-03T20:54:36.732Z] Checked if tokens are valid: true, expires at: 1785793995014
[debug] [2026-08-03T20:54:36.732Z] >>> [apiv2][query] POST https://serviceusage.googleapis.com/v1/projects/playground-pulse-8e2c4/services/cloudbilling.googleapis.com:enable [none]
[debug] [2026-08-03T20:54:36.732Z] >>> [apiv2][(partial)header] POST https://serviceusage.googleapis.com/v1/projects/playground-pulse-8e2c4/services/cloudbilling.googleapis.com:enable  x-goog-user-project=playground-pulse-8e2c4
[debug] [2026-08-03T20:54:37.573Z] <<< [apiv2][status] POST https://serviceusage.googleapis.com/v1/projects/playground-pulse-8e2c4/services/cloudbilling.googleapis.com:enable 200
[debug] [2026-08-03T20:54:37.573Z] <<< [apiv2][body] POST https://serviceusage.googleapis.com/v1/projects/playground-pulse-8e2c4/services/cloudbilling.googleapis.com:enable [omitted]
[debug] [2026-08-03T20:54:47.597Z] Checked if tokens are valid: true, expires at: 1785793995014
[debug] [2026-08-03T20:54:47.597Z] Checked if tokens are valid: true, expires at: 1785793995014
[debug] [2026-08-03T20:54:47.598Z] >>> [apiv2][query] GET https://cloudbilling.googleapis.com/v1/projects/playground-pulse-8e2c4/billingInfo [none]
[debug] [2026-08-03T20:54:47.598Z] >>> [apiv2][(partial)header] GET https://cloudbilling.googleapis.com/v1/projects/playground-pulse-8e2c4/billingInfo  x-goog-user-project=playground-pulse-8e2c4
[debug] [2026-08-03T20:54:47.923Z] <<< [apiv2][status] GET https://cloudbilling.googleapis.com/v1/projects/playground-pulse-8e2c4/billingInfo 200
[debug] [2026-08-03T20:54:47.923Z] <<< [apiv2][body] GET https://cloudbilling.googleapis.com/v1/projects/playground-pulse-8e2c4/billingInfo {"name":"projects/playground-pulse-8e2c4/billingInfo","projectId":"playground-pulse-8e2c4","billingAccountName":"billingAccounts/013587-E2B6A1-452B55","billingEnabled":true}
[debug] [2026-08-03T20:54:47.925Z] Checked if tokens are valid: true, expires at: 1785793995014
[debug] [2026-08-03T20:54:47.925Z] Checked if tokens are valid: true, expires at: 1785793995014
[debug] [2026-08-03T20:54:47.925Z] >>> [apiv2][query] POST https://cloudfunctions.googleapis.com/v2/projects/playground-pulse-8e2c4/locations/us-central1/functions:generateUploadUrl [none]
[debug] [2026-08-03T20:54:49.655Z] <<< [apiv2][status] POST https://cloudfunctions.googleapis.com/v2/projects/playground-pulse-8e2c4/locations/us-central1/functions:generateUploadUrl 200
[debug] [2026-08-03T20:54:49.655Z] <<< [apiv2][body] POST https://cloudfunctions.googleapis.com/v2/projects/playground-pulse-8e2c4/locations/us-central1/functions:generateUploadUrl {"uploadUrl":"https://storage.googleapis.com/gcf-v2-uploads-1077539477518.us-central1.cloudfunctions.appspot.com/5f1a5a0f-10a9-484b-800d-f86bf5ae796f.zip?GoogleAccessId=service-1077539477518@gcf-admin-robot.iam.gserviceaccount.com&Expires=1785792289&Signature=gOyzzyG9qb2yZBM46m4N%2FAS7PXNkmrIwgoTRLMKW5IbYigJXIP71b808vv%2FqHtelO0HJuoY4e4WyIkarT0qhuHMpO2kP2bTZw%2BcuxZj551Wv3pjw8xdCN2X%2FIwqSUKtiJh%2Bq%2BgKqHkn2Plpalr8%2FAJFLT69VPWuKEkCOXo06tGp1vOhqEsRAHBrepLglnisoIQyH%2BW4NfrGEaT67XxuuaEazagk2WUnfPIeh2SIH%2BPWN0GOZKwEGd0W0QZiENKhOl%2FTKz089%2FYTXZPXR6Wsj%2B%2FHbs75HtvEDyetKuF0I%2FlYvXn0nYYVNLdWTEHYJhZ5s9eDQCeDlpRXBSIF0sU4gtw%3D%3D","storageSource":{"bucket":"gcf-v2-uploads-1077539477518.us-central1.cloudfunctions.appspot.com","object":"5f1a5a0f-10a9-484b-800d-f86bf5ae796f.zip"}}
[debug] [2026-08-03T20:54:49.656Z] >>> [apiv2][query] PUT https://storage.googleapis.com/gcf-v2-uploads-1077539477518.us-central1.cloudfunctions.appspot.com/5f1a5a0f-10a9-484b-800d-f86bf5ae796f.zip GoogleAccessId=service-1077539477518%40gcf-admin-robot.iam.gserviceaccount.com&Expires=1785792289&Signature=gOyzzyG9qb2yZBM46m4N%2FAS7PXNkmrIwgoTRLMKW5IbYigJXIP71b808vv%2FqHtelO0HJuoY4e4WyIkarT0qhuHMpO2kP2bTZw%2BcuxZj551Wv3pjw8xdCN2X%2FIwqSUKtiJh%2Bq%2BgKqHkn2Plpalr8%2FAJFLT69VPWuKEkCOXo06tGp1vOhqEsRAHBrepLglnisoIQyH%2BW4NfrGEaT67XxuuaEazagk2WUnfPIeh2SIH%2BPWN0GOZKwEGd0W0QZiENKhOl%2FTKz089%2FYTXZPXR6Wsj%2B%2FHbs75HtvEDyetKuF0I%2FlYvXn0nYYVNLdWTEHYJhZ5s9eDQCeDlpRXBSIF0sU4gtw%3D%3D
[debug] [2026-08-03T20:54:49.656Z] >>> [apiv2][body] PUT https://storage.googleapis.com/gcf-v2-uploads-1077539477518.us-central1.cloudfunctions.appspot.com/5f1a5a0f-10a9-484b-800d-f86bf5ae796f.zip [stream]
[debug] [2026-08-03T20:54:49.985Z] <<< [apiv2][status] PUT https://storage.googleapis.com/gcf-v2-uploads-1077539477518.us-central1.cloudfunctions.appspot.com/5f1a5a0f-10a9-484b-800d-f86bf5ae796f.zip 200
[debug] [2026-08-03T20:54:49.986Z] <<< [apiv2][body] PUT https://storage.googleapis.com/gcf-v2-uploads-1077539477518.us-central1.cloudfunctions.appspot.com/5f1a5a0f-10a9-484b-800d-f86bf5ae796f.zip [omitted]
[info] +  functions: functions source uploaded successfully 
[info] i  functions: creating Node.js 20 (2nd Gen) function inviteAdminUser(us-central1)... 
[debug] [2026-08-03T20:54:49.989Z] Checked if tokens are valid: true, expires at: 1785793995014
[debug] [2026-08-03T20:54:49.989Z] Checked if tokens are valid: true, expires at: 1785793995014
[debug] [2026-08-03T20:54:49.990Z] >>> [apiv2][query] POST https://cloudfunctions.googleapis.com/v2/projects/playground-pulse-8e2c4/locations/us-central1/functions functionId=inviteAdminUser
[debug] [2026-08-03T20:54:49.990Z] >>> [apiv2][body] POST https://cloudfunctions.googleapis.com/v2/projects/playground-pulse-8e2c4/locations/us-central1/functions {"name":"projects/playground-pulse-8e2c4/locations/us-central1/functions/inviteAdminUser","buildConfig":{"runtime":"nodejs20","entryPoint":"inviteAdminUser","source":{"storageSource":{"bucket":"gcf-v2-uploads-1077539477518.us-central1.cloudfunctions.appspot.com","object":"5f1a5a0f-10a9-484b-800d-f86bf5ae796f.zip"}},"environmentVariables":{"GOOGLE_NODE_RUN_SCRIPTS":""}},"serviceConfig":{"environmentVariables":{"FIREBASE_CONFIG":"{\"projectId\":\"playground-pulse-8e2c4\",\"storageBucket\":\"playground-pulse-8e2c4.firebasestorage.app\"}","GCLOUD_PROJECT":"playground-pulse-8e2c4","EVENTARC_CLOUD_EVENT_SOURCE":"projects/playground-pulse-8e2c4/locations/us-central1/services/inviteAdminUser","FUNCTION_REGION":"us-central1","FUNCTION_TARGET":"inviteAdminUser","LOG_EXECUTION_ID":"true"},"ingressSettings":null,"timeoutSeconds":null,"serviceAccountEmail":null,"availableMemory":"256Mi","minInstanceCount":null,"maxInstanceCount":null,"maxInstanceRequestConcurrency":80,"availableCpu":"1","vpcConnector":null,"vpcConnectorEgressSettings":null,"directVpcNetworkInterface":null,"directVpcEgress":null},"labels":{"deployment-tool":"cli-firebase","deployment-callable":"true","firebase-functions-hash":"ef2ac0480cf0e98c73f26372714607a857c38103"}}
[debug] [2026-08-03T20:54:52.066Z] <<< [apiv2][status] POST https://cloudfunctions.googleapis.com/v2/projects/playground-pulse-8e2c4/locations/us-central1/functions 200
[debug] [2026-08-03T20:54:52.067Z] <<< [apiv2][body] POST https://cloudfunctions.googleapis.com/v2/projects/playground-pulse-8e2c4/locations/us-central1/functions {"name":"projects/playground-pulse-8e2c4/locations/us-central1/operations/operation-1785790490201-6582abfcfccbc-8456d043-057ff6e6","metadata":{"@type":"type.googleapis.com/google.cloud.functions.v2.OperationMetadata","createTime":"2026-08-03T20:54:52.140118058Z","target":"projects/playground-pulse-8e2c4/locations/us-central1/functions/inviteAdminUser","verb":"create","cancelRequested":false,"apiVersion":"v2"},"done":false}
[debug] [2026-08-03T20:54:52.067Z] Checked if tokens are valid: true, expires at: 1785793995014
[debug] [2026-08-03T20:54:52.067Z] Checked if tokens are valid: true, expires at: 1785793995014
[debug] [2026-08-03T20:54:52.068Z] >>> [apiv2][query] GET https://cloudfunctions.googleapis.com/v2/projects/playground-pulse-8e2c4/locations/us-central1/operations/operation-1785790490201-6582abfcfccbc-8456d043-057ff6e6 [none]
[debug] [2026-08-03T20:54:52.186Z] <<< [apiv2][status] GET https://cloudfunctions.googleapis.com/v2/projects/playground-pulse-8e2c4/locations/us-central1/operations/operation-1785790490201-6582abfcfccbc-8456d043-057ff6e6 200
[debug] [2026-08-03T20:54:52.186Z] <<< [apiv2][body] GET https://cloudfunctions.googleapis.com/v2/projects/playground-pulse-8e2c4/locations/us-central1/operations/operation-1785790490201-6582abfcfccbc-8456d043-057ff6e6 {"name":"projects/playground-pulse-8e2c4/locations/us-central1/operations/operation-1785790490201-6582abfcfccbc-8456d043-057ff6e6","metadata":{"@type":"type.googleapis.com/google.cloud.functions.v2.OperationMetadata","createTime":"2026-08-03T20:54:52.140118058Z","target":"projects/playground-pulse-8e2c4/locations/us-central1/functions/inviteAdminUser","verb":"create","cancelRequested":false,"apiVersion":"v2","requestResource":{"@type":"type.googleapis.com/google.cloud.functions.v2.Function","name":"projects/playground-pulse-8e2c4/locations/us-central1/functions/inviteAdminUser","buildConfig":{"runtime":"nodejs20","entryPoint":"inviteAdminUser","source":{"storageSource":{"bucket":"gcf-v2-sources-1077539477518-us-central1","object":"inviteAdminUser/function-source.zip","generation":"1785790491785139"}},"environmentVariables":{"GOOGLE_NODE_RUN_SCRIPTS":""},"serviceAccount":"projects/playground-pulse-8e2c4/serviceAccounts/1077539477518-compute@developer.gserviceaccount.com","automaticUpdatePolicy":{}},"serviceConfig":{"service":"projects/playground-pulse-8e2c4/locations/us-central1/services/inviteadminuser","timeoutSeconds":60,"environmentVariables":{"FIREBASE_CONFIG":"{\"projectId\":\"playground-pulse-8e2c4\",\"storageBucket\":\"playground-pulse-8e2c4.firebasestorage.app\"}","GCLOUD_PROJECT":"playground-pulse-8e2c4","EVENTARC_CLOUD_EVENT_SOURCE":"projects/playground-pulse-8e2c4/locations/us-central1/services/inviteAdminUser","FUNCTION_REGION":"us-central1","FUNCTION_TARGET":"inviteAdminUser","LOG_EXECUTION_ID":"true"},"ingressSettings":"ALLOW_ALL","serviceAccountEmail":"1077539477518-compute@developer.gserviceaccount.com","availableMemory":"256Mi","maxInstanceRequestConcurrency":80,"availableCpu":"1"},"labels":{"deployment-tool":"cli-firebase","deployment-callable":"true","firebase-functions-hash":"ef2ac0480cf0e98c73f26372714607a857c38103"},"environment":"GEN_2"},"stages":[{"name":"BUILD","state":"NOT_STARTED","stateMessages":[{"severity":"WARNING","type":"BuildAnalysisWarning","message":"Node.js 20 is no longer supported by the Node.js community as of 30 April, 2026. Node.js 20 will be decommissioned on 2026-10-30. As of 2026-10-30 you will no longer be able to deploy your Cloud Functions using nodejs20. We recommend you to upgrade to the latest version of Node.js as soon as possible."}]},{"name":"SERVICE","state":"NOT_STARTED"}],"operationType":"CREATE_FUNCTION"},"done":false}
[debug] [2026-08-03T20:54:52.694Z] [create-default-us-central1-inviteAdminUser] Retrying task index 0
[debug] [2026-08-03T20:54:52.694Z] Checked if tokens are valid: true, expires at: 1785793995014
[debug] [2026-08-03T20:54:52.694Z] Checked if tokens are valid: true, expires at: 1785793995014
[debug] [2026-08-03T20:54:52.694Z] >>> [apiv2][query] GET https://cloudfunctions.googleapis.com/v2/projects/playground-pulse-8e2c4/locations/us-central1/operations/operation-1785790490201-6582abfcfccbc-8456d043-057ff6e6 [none]
[debug] [2026-08-03T20:54:52.989Z] <<< [apiv2][status] GET https://cloudfunctions.googleapis.com/v2/projects/playground-pulse-8e2c4/locations/us-central1/operations/operation-1785790490201-6582abfcfccbc-8456d043-057ff6e6 200
[debug] [2026-08-03T20:54:52.989Z] <<< [apiv2][body] GET https://cloudfunctions.googleapis.com/v2/projects/playground-pulse-8e2c4/locations/us-central1/operations/operation-1785790490201-6582abfcfccbc-8456d043-057ff6e6 {"name":"projects/playground-pulse-8e2c4/locations/us-central1/operations/operation-1785790490201-6582abfcfccbc-8456d043-057ff6e6","metadata":{"@type":"type.googleapis.com/google.cloud.functions.v2.OperationMetadata","createTime":"2026-08-03T20:54:52.140118058Z","target":"projects/playground-pulse-8e2c4/locations/us-central1/functions/inviteAdminUser","verb":"create","cancelRequested":false,"apiVersion":"v2","requestResource":{"@type":"type.googleapis.com/google.cloud.functions.v2.Function","name":"projects/playground-pulse-8e2c4/locations/us-central1/functions/inviteAdminUser","buildConfig":{"runtime":"nodejs20","entryPoint":"inviteAdminUser","source":{"storageSource":{"bucket":"gcf-v2-sources-1077539477518-us-central1","object":"inviteAdminUser/function-source.zip","generation":"1785790491785139"}},"environmentVariables":{"GOOGLE_NODE_RUN_SCRIPTS":""},"serviceAccount":"projects/playground-pulse-8e2c4/serviceAccounts/1077539477518-compute@developer.gserviceaccount.com","automaticUpdatePolicy":{}},"serviceConfig":{"service":"projects/playground-pulse-8e2c4/locations/us-central1/services/inviteadminuser","timeoutSeconds":60,"environmentVariables":{"FIREBASE_CONFIG":"{\"projectId\":\"playground-pulse-8e2c4\",\"storageBucket\":\"playground-pulse-8e2c4.firebasestorage.app\"}","GCLOUD_PROJECT":"playground-pulse-8e2c4","EVENTARC_CLOUD_EVENT_SOURCE":"projects/playground-pulse-8e2c4/locations/us-central1/services/inviteAdminUser","FUNCTION_REGION":"us-central1","FUNCTION_TARGET":"inviteAdminUser","LOG_EXECUTION_ID":"true"},"ingressSettings":"ALLOW_ALL","serviceAccountEmail":"1077539477518-compute@developer.gserviceaccount.com","availableMemory":"256Mi","maxInstanceRequestConcurrency":80,"availableCpu":"1"},"labels":{"deployment-tool":"cli-firebase","deployment-callable":"true","firebase-functions-hash":"ef2ac0480cf0e98c73f26372714607a857c38103"},"environment":"GEN_2"},"stages":[{"name":"BUILD","state":"NOT_STARTED","stateMessages":[{"severity":"WARNING","type":"BuildAnalysisWarning","message":"Node.js 20 is no longer supported by the Node.js community as of 30 April, 2026. Node.js 20 will be decommissioned on 2026-10-30. As of 2026-10-30 you will no longer be able to deploy your Cloud Functions using nodejs20. We recommend you to upgrade to the latest version of Node.js as soon as possible."}]},{"name":"SERVICE","state":"NOT_STARTED"}],"operationType":"CREATE_FUNCTION"},"done":false}
[debug] [2026-08-03T20:54:53.992Z] [create-default-us-central1-inviteAdminUser] Retrying task index 0
[debug] [2026-08-03T20:54:53.992Z] Checked if tokens are valid: true, expires at: 1785793995014
[debug] [2026-08-03T20:54:53.992Z] Checked if tokens are valid: true, expires at: 1785793995014
[debug] [2026-08-03T20:54:53.992Z] >>> [apiv2][query] GET https://cloudfunctions.googleapis.com/v2/projects/playground-pulse-8e2c4/locations/us-central1/operations/operation-1785790490201-6582abfcfccbc-8456d043-057ff6e6 [none]
[debug] [2026-08-03T20:54:54.099Z] <<< [apiv2][status] GET https://cloudfunctions.googleapis.com/v2/projects/playground-pulse-8e2c4/locations/us-central1/operations/operation-1785790490201-6582abfcfccbc-8456d043-057ff6e6 200
[debug] [2026-08-03T20:54:54.099Z] <<< [apiv2][body] GET https://cloudfunctions.googleapis.com/v2/projects/playground-pulse-8e2c4/locations/us-central1/operations/operation-1785790490201-6582abfcfccbc-8456d043-057ff6e6 {"name":"projects/playground-pulse-8e2c4/locations/us-central1/operations/operation-1785790490201-6582abfcfccbc-8456d043-057ff6e6","metadata":{"@type":"type.googleapis.com/google.cloud.functions.v2.OperationMetadata","createTime":"2026-08-03T20:54:52.140118058Z","target":"projects/playground-pulse-8e2c4/locations/us-central1/functions/inviteAdminUser","verb":"create","cancelRequested":false,"apiVersion":"v2","requestResource":{"@type":"type.googleapis.com/google.cloud.functions.v2.Function","name":"projects/playground-pulse-8e2c4/locations/us-central1/functions/inviteAdminUser","buildConfig":{"runtime":"nodejs20","entryPoint":"inviteAdminUser","source":{"storageSource":{"bucket":"gcf-v2-sources-1077539477518-us-central1","object":"inviteAdminUser/function-source.zip","generation":"1785790491785139"}},"environmentVariables":{"GOOGLE_NODE_RUN_SCRIPTS":""},"serviceAccount":"projects/playground-pulse-8e2c4/serviceAccounts/1077539477518-compute@developer.gserviceaccount.com","automaticUpdatePolicy":{}},"serviceConfig":{"service":"projects/playground-pulse-8e2c4/locations/us-central1/services/inviteadminuser","timeoutSeconds":60,"environmentVariables":{"FIREBASE_CONFIG":"{\"projectId\":\"playground-pulse-8e2c4\",\"storageBucket\":\"playground-pulse-8e2c4.firebasestorage.app\"}","GCLOUD_PROJECT":"playground-pulse-8e2c4","EVENTARC_CLOUD_EVENT_SOURCE":"projects/playground-pulse-8e2c4/locations/us-central1/services/inviteAdminUser","FUNCTION_REGION":"us-central1","FUNCTION_TARGET":"inviteAdminUser","LOG_EXECUTION_ID":"true"},"ingressSettings":"ALLOW_ALL","serviceAccountEmail":"1077539477518-compute@developer.gserviceaccount.com","availableMemory":"256Mi","maxInstanceRequestConcurrency":80,"availableCpu":"1"},"labels":{"deployment-tool":"cli-firebase","deployment-callable":"true","firebase-functions-hash":"ef2ac0480cf0e98c73f26372714607a857c38103"},"environment":"GEN_2"},"stages":[{"name":"BUILD","state":"NOT_STARTED","stateMessages":[{"severity":"WARNING","type":"BuildAnalysisWarning","message":"Node.js 20 is no longer supported by the Node.js community as of 30 April, 2026. Node.js 20 will be decommissioned on 2026-10-30. As of 2026-10-30 you will no longer be able to deploy your Cloud Functions using nodejs20. We recommend you to upgrade to the latest version of Node.js as soon as possible."}]},{"name":"SERVICE","state":"NOT_STARTED"}],"operationType":"CREATE_FUNCTION"},"done":false}
[debug] [2026-08-03T20:54:56.115Z] [create-default-us-central1-inviteAdminUser] Retrying task index 0
[debug] [2026-08-03T20:54:56.115Z] Checked if tokens are valid: true, expires at: 1785793995014
[debug] [2026-08-03T20:54:56.115Z] Checked if tokens are valid: true, expires at: 1785793995014
[debug] [2026-08-03T20:54:56.116Z] >>> [apiv2][query] GET https://cloudfunctions.googleapis.com/v2/projects/playground-pulse-8e2c4/locations/us-central1/operations/operation-1785790490201-6582abfcfccbc-8456d043-057ff6e6 [none]
[debug] [2026-08-03T20:54:56.229Z] <<< [apiv2][status] GET https://cloudfunctions.googleapis.com/v2/projects/playground-pulse-8e2c4/locations/us-central1/operations/operation-1785790490201-6582abfcfccbc-8456d043-057ff6e6 200
[debug] [2026-08-03T20:54:56.230Z] <<< [apiv2][body] GET https://cloudfunctions.googleapis.com/v2/projects/playground-pulse-8e2c4/locations/us-central1/operations/operation-1785790490201-6582abfcfccbc-8456d043-057ff6e6 {"name":"projects/playground-pulse-8e2c4/locations/us-central1/operations/operation-1785790490201-6582abfcfccbc-8456d043-057ff6e6","metadata":{"@type":"type.googleapis.com/google.cloud.functions.v2.OperationMetadata","createTime":"2026-08-03T20:54:52.140118058Z","target":"projects/playground-pulse-8e2c4/locations/us-central1/functions/inviteAdminUser","verb":"create","cancelRequested":false,"apiVersion":"v2","requestResource":{"@type":"type.googleapis.com/google.cloud.functions.v2.Function","name":"projects/playground-pulse-8e2c4/locations/us-central1/functions/inviteAdminUser","buildConfig":{"runtime":"nodejs20","entryPoint":"inviteAdminUser","source":{"storageSource":{"bucket":"gcf-v2-sources-1077539477518-us-central1","object":"inviteAdminUser/function-source.zip","generation":"1785790491785139"}},"environmentVariables":{"GOOGLE_NODE_RUN_SCRIPTS":""},"serviceAccount":"projects/playground-pulse-8e2c4/serviceAccounts/1077539477518-compute@developer.gserviceaccount.com","automaticUpdatePolicy":{}},"serviceConfig":{"service":"projects/playground-pulse-8e2c4/locations/us-central1/services/inviteadminuser","timeoutSeconds":60,"environmentVariables":{"FIREBASE_CONFIG":"{\"projectId\":\"playground-pulse-8e2c4\",\"storageBucket\":\"playground-pulse-8e2c4.firebasestorage.app\"}","GCLOUD_PROJECT":"playground-pulse-8e2c4","EVENTARC_CLOUD_EVENT_SOURCE":"projects/playground-pulse-8e2c4/locations/us-central1/services/inviteAdminUser","FUNCTION_REGION":"us-central1","FUNCTION_TARGET":"inviteAdminUser","LOG_EXECUTION_ID":"true"},"ingressSettings":"ALLOW_ALL","serviceAccountEmail":"1077539477518-compute@developer.gserviceaccount.com","availableMemory":"256Mi","maxInstanceRequestConcurrency":80,"availableCpu":"1"},"labels":{"deployment-tool":"cli-firebase","deployment-callable":"true","firebase-functions-hash":"ef2ac0480cf0e98c73f26372714607a857c38103"},"environment":"GEN_2"},"stages":[{"name":"BUILD","state":"NOT_STARTED","stateMessages":[{"severity":"WARNING","type":"BuildAnalysisWarning","message":"Node.js 20 is no longer supported by the Node.js community as of 30 April, 2026. Node.js 20 will be decommissioned on 2026-10-30. As of 2026-10-30 you will no longer be able to deploy your Cloud Functions using nodejs20. We recommend you to upgrade to the latest version of Node.js as soon as possible."}]},{"name":"SERVICE","state":"NOT_STARTED"}],"operationType":"CREATE_FUNCTION"},"done":false}
[debug] [2026-08-03T20:55:00.232Z] [create-default-us-central1-inviteAdminUser] Retrying task index 0
[debug] [2026-08-03T20:55:00.233Z] Checked if tokens are valid: true, expires at: 1785793995014
[debug] [2026-08-03T20:55:00.233Z] Checked if tokens are valid: true, expires at: 1785793995014
[debug] [2026-08-03T20:55:00.233Z] >>> [apiv2][query] GET https://cloudfunctions.googleapis.com/v2/projects/playground-pulse-8e2c4/locations/us-central1/operations/operation-1785790490201-6582abfcfccbc-8456d043-057ff6e6 [none]
[debug] [2026-08-03T20:55:00.454Z] <<< [apiv2][status] GET https://cloudfunctions.googleapis.com/v2/projects/playground-pulse-8e2c4/locations/us-central1/operations/operation-1785790490201-6582abfcfccbc-8456d043-057ff6e6 200
[debug] [2026-08-03T20:55:00.454Z] <<< [apiv2][body] GET https://cloudfunctions.googleapis.com/v2/projects/playground-pulse-8e2c4/locations/us-central1/operations/operation-1785790490201-6582abfcfccbc-8456d043-057ff6e6 {"name":"projects/playground-pulse-8e2c4/locations/us-central1/operations/operation-1785790490201-6582abfcfccbc-8456d043-057ff6e6","metadata":{"@type":"type.googleapis.com/google.cloud.functions.v2.OperationMetadata","createTime":"2026-08-03T20:54:52.140118058Z","target":"projects/playground-pulse-8e2c4/locations/us-central1/functions/inviteAdminUser","verb":"create","cancelRequested":false,"apiVersion":"v2","requestResource":{"@type":"type.googleapis.com/google.cloud.functions.v2.Function","name":"projects/playground-pulse-8e2c4/locations/us-central1/functions/inviteAdminUser","buildConfig":{"runtime":"nodejs20","entryPoint":"inviteAdminUser","source":{"storageSource":{"bucket":"gcf-v2-sources-1077539477518-us-central1","object":"inviteAdminUser/function-source.zip","generation":"1785790491785139"}},"environmentVariables":{"GOOGLE_NODE_RUN_SCRIPTS":""},"serviceAccount":"projects/playground-pulse-8e2c4/serviceAccounts/1077539477518-compute@developer.gserviceaccount.com","automaticUpdatePolicy":{}},"serviceConfig":{"service":"projects/playground-pulse-8e2c4/locations/us-central1/services/inviteadminuser","timeoutSeconds":60,"environmentVariables":{"FIREBASE_CONFIG":"{\"projectId\":\"playground-pulse-8e2c4\",\"storageBucket\":\"playground-pulse-8e2c4.firebasestorage.app\"}","GCLOUD_PROJECT":"playground-pulse-8e2c4","EVENTARC_CLOUD_EVENT_SOURCE":"projects/playground-pulse-8e2c4/locations/us-central1/services/inviteAdminUser","FUNCTION_REGION":"us-central1","FUNCTION_TARGET":"inviteAdminUser","LOG_EXECUTION_ID":"true"},"ingressSettings":"ALLOW_ALL","serviceAccountEmail":"1077539477518-compute@developer.gserviceaccount.com","availableMemory":"256Mi","maxInstanceRequestConcurrency":80,"availableCpu":"1"},"labels":{"deployment-tool":"cli-firebase","deployment-callable":"true","firebase-functions-hash":"ef2ac0480cf0e98c73f26372714607a857c38103"},"environment":"GEN_2"},"stages":[{"name":"BUILD","state":"NOT_STARTED","stateMessages":[{"severity":"WARNING","type":"BuildAnalysisWarning","message":"Node.js 20 is no longer supported by the Node.js community as of 30 April, 2026. Node.js 20 will be decommissioned on 2026-10-30. As of 2026-10-30 you will no longer be able to deploy your Cloud Functions using nodejs20. We recommend you to upgrade to the latest version of Node.js as soon as possible."}]},{"name":"SERVICE","state":"NOT_STARTED"}],"operationType":"CREATE_FUNCTION"},"done":false}
[debug] [2026-08-03T20:55:08.469Z] [create-default-us-central1-inviteAdminUser] Retrying task index 0
[debug] [2026-08-03T20:55:08.469Z] Checked if tokens are valid: true, expires at: 1785793995014
[debug] [2026-08-03T20:55:08.469Z] Checked if tokens are valid: true, expires at: 1785793995014
[debug] [2026-08-03T20:55:08.469Z] >>> [apiv2][query] GET https://cloudfunctions.googleapis.com/v2/projects/playground-pulse-8e2c4/locations/us-central1/operations/operation-1785790490201-6582abfcfccbc-8456d043-057ff6e6 [none]
[debug] [2026-08-03T20:55:08.665Z] <<< [apiv2][status] GET https://cloudfunctions.googleapis.com/v2/projects/playground-pulse-8e2c4/locations/us-central1/operations/operation-1785790490201-6582abfcfccbc-8456d043-057ff6e6 200
[debug] [2026-08-03T20:55:08.665Z] <<< [apiv2][body] GET https://cloudfunctions.googleapis.com/v2/projects/playground-pulse-8e2c4/locations/us-central1/operations/operation-1785790490201-6582abfcfccbc-8456d043-057ff6e6 {"name":"projects/playground-pulse-8e2c4/locations/us-central1/operations/operation-1785790490201-6582abfcfccbc-8456d043-057ff6e6","metadata":{"@type":"type.googleapis.com/google.cloud.functions.v2.OperationMetadata","createTime":"2026-08-03T20:54:52.140118058Z","target":"projects/playground-pulse-8e2c4/locations/us-central1/functions/inviteAdminUser","verb":"create","cancelRequested":false,"apiVersion":"v2","requestResource":{"@type":"type.googleapis.com/google.cloud.functions.v2.Function","name":"projects/playground-pulse-8e2c4/locations/us-central1/functions/inviteAdminUser","buildConfig":{"runtime":"nodejs20","entryPoint":"inviteAdminUser","source":{"storageSource":{"bucket":"gcf-v2-sources-1077539477518-us-central1","object":"inviteAdminUser/function-source.zip","generation":"1785790491785139"}},"environmentVariables":{"GOOGLE_NODE_RUN_SCRIPTS":""},"serviceAccount":"projects/playground-pulse-8e2c4/serviceAccounts/1077539477518-compute@developer.gserviceaccount.com","automaticUpdatePolicy":{}},"serviceConfig":{"service":"projects/playground-pulse-8e2c4/locations/us-central1/services/inviteadminuser","timeoutSeconds":60,"environmentVariables":{"FIREBASE_CONFIG":"{\"projectId\":\"playground-pulse-8e2c4\",\"storageBucket\":\"playground-pulse-8e2c4.firebasestorage.app\"}","GCLOUD_PROJECT":"playground-pulse-8e2c4","EVENTARC_CLOUD_EVENT_SOURCE":"projects/playground-pulse-8e2c4/locations/us-central1/services/inviteAdminUser","FUNCTION_REGION":"us-central1","FUNCTION_TARGET":"inviteAdminUser","LOG_EXECUTION_ID":"true"},"ingressSettings":"ALLOW_ALL","serviceAccountEmail":"1077539477518-compute@developer.gserviceaccount.com","availableMemory":"256Mi","maxInstanceRequestConcurrency":80,"availableCpu":"1"},"labels":{"deployment-tool":"cli-firebase","deployment-callable":"true","firebase-functions-hash":"ef2ac0480cf0e98c73f26372714607a857c38103"},"environment":"GEN_2"},"stages":[{"name":"BUILD","state":"NOT_STARTED","stateMessages":[{"severity":"WARNING","type":"BuildAnalysisWarning","message":"Node.js 20 is no longer supported by the Node.js community as of 30 April, 2026. Node.js 20 will be decommissioned on 2026-10-30. As of 2026-10-30 you will no longer be able to deploy your Cloud Functions using nodejs20. We recommend you to upgrade to the latest version of Node.js as soon as possible."}]},{"name":"SERVICE","state":"NOT_STARTED"}],"operationType":"CREATE_FUNCTION"},"done":false}
[debug] [2026-08-03T20:55:18.677Z] [create-default-us-central1-inviteAdminUser] Retrying task index 0
[debug] [2026-08-03T20:55:18.677Z] Checked if tokens are valid: true, expires at: 1785793995014
[debug] [2026-08-03T20:55:18.677Z] Checked if tokens are valid: true, expires at: 1785793995014
[debug] [2026-08-03T20:55:18.677Z] >>> [apiv2][query] GET https://cloudfunctions.googleapis.com/v2/projects/playground-pulse-8e2c4/locations/us-central1/operations/operation-1785790490201-6582abfcfccbc-8456d043-057ff6e6 [none]
[debug] [2026-08-03T20:55:18.866Z] <<< [apiv2][status] GET https://cloudfunctions.googleapis.com/v2/projects/playground-pulse-8e2c4/locations/us-central1/operations/operation-1785790490201-6582abfcfccbc-8456d043-057ff6e6 200
[debug] [2026-08-03T20:55:18.866Z] <<< [apiv2][body] GET https://cloudfunctions.googleapis.com/v2/projects/playground-pulse-8e2c4/locations/us-central1/operations/operation-1785790490201-6582abfcfccbc-8456d043-057ff6e6 {"name":"projects/playground-pulse-8e2c4/locations/us-central1/operations/operation-1785790490201-6582abfcfccbc-8456d043-057ff6e6","metadata":{"@type":"type.googleapis.com/google.cloud.functions.v2.OperationMetadata","createTime":"2026-08-03T20:54:52.140118058Z","target":"projects/playground-pulse-8e2c4/locations/us-central1/functions/inviteAdminUser","verb":"create","cancelRequested":false,"apiVersion":"v2","requestResource":{"@type":"type.googleapis.com/google.cloud.functions.v2.Function","name":"projects/playground-pulse-8e2c4/locations/us-central1/functions/inviteAdminUser","buildConfig":{"runtime":"nodejs20","entryPoint":"inviteAdminUser","source":{"storageSource":{"bucket":"gcf-v2-sources-1077539477518-us-central1","object":"inviteAdminUser/function-source.zip","generation":"1785790491785139"}},"environmentVariables":{"GOOGLE_NODE_RUN_SCRIPTS":""},"serviceAccount":"projects/playground-pulse-8e2c4/serviceAccounts/1077539477518-compute@developer.gserviceaccount.com","automaticUpdatePolicy":{}},"serviceConfig":{"service":"projects/playground-pulse-8e2c4/locations/us-central1/services/inviteadminuser","timeoutSeconds":60,"environmentVariables":{"FIREBASE_CONFIG":"{\"projectId\":\"playground-pulse-8e2c4\",\"storageBucket\":\"playground-pulse-8e2c4.firebasestorage.app\"}","GCLOUD_PROJECT":"playground-pulse-8e2c4","EVENTARC_CLOUD_EVENT_SOURCE":"projects/playground-pulse-8e2c4/locations/us-central1/services/inviteAdminUser","FUNCTION_REGION":"us-central1","FUNCTION_TARGET":"inviteAdminUser","LOG_EXECUTION_ID":"true"},"ingressSettings":"ALLOW_ALL","serviceAccountEmail":"1077539477518-compute@developer.gserviceaccount.com","availableMemory":"256Mi","maxInstanceRequestConcurrency":80,"availableCpu":"1"},"labels":{"deployment-tool":"cli-firebase","deployment-callable":"true","firebase-functions-hash":"ef2ac0480cf0e98c73f26372714607a857c38103"},"environment":"GEN_2"},"stages":[{"name":"BUILD","state":"NOT_STARTED","stateMessages":[{"severity":"WARNING","type":"BuildAnalysisWarning","message":"Node.js 20 is no longer supported by the Node.js community as of 30 April, 2026. Node.js 20 will be decommissioned on 2026-10-30. As of 2026-10-30 you will no longer be able to deploy your Cloud Functions using nodejs20. We recommend you to upgrade to the latest version of Node.js as soon as possible."}]},{"name":"SERVICE","state":"NOT_STARTED"}],"operationType":"CREATE_FUNCTION"},"done":false}
[debug] [2026-08-03T20:55:28.868Z] [create-default-us-central1-inviteAdminUser] Retrying task index 0
[debug] [2026-08-03T20:55:28.868Z] Checked if tokens are valid: true, expires at: 1785793995014
[debug] [2026-08-03T20:55:28.868Z] Checked if tokens are valid: true, expires at: 1785793995014
[debug] [2026-08-03T20:55:28.868Z] >>> [apiv2][query] GET https://cloudfunctions.googleapis.com/v2/projects/playground-pulse-8e2c4/locations/us-central1/operations/operation-1785790490201-6582abfcfccbc-8456d043-057ff6e6 [none]
[debug] [2026-08-03T20:55:29.069Z] <<< [apiv2][status] GET https://cloudfunctions.googleapis.com/v2/projects/playground-pulse-8e2c4/locations/us-central1/operations/operation-1785790490201-6582abfcfccbc-8456d043-057ff6e6 200
[debug] [2026-08-03T20:55:29.069Z] <<< [apiv2][body] GET https://cloudfunctions.googleapis.com/v2/projects/playground-pulse-8e2c4/locations/us-central1/operations/operation-1785790490201-6582abfcfccbc-8456d043-057ff6e6 {"name":"projects/playground-pulse-8e2c4/locations/us-central1/operations/operation-1785790490201-6582abfcfccbc-8456d043-057ff6e6","metadata":{"@type":"type.googleapis.com/google.cloud.functions.v2.OperationMetadata","createTime":"2026-08-03T20:54:52.140118058Z","target":"projects/playground-pulse-8e2c4/locations/us-central1/functions/inviteAdminUser","verb":"create","cancelRequested":false,"apiVersion":"v2","requestResource":{"@type":"type.googleapis.com/google.cloud.functions.v2.Function","name":"projects/playground-pulse-8e2c4/locations/us-central1/functions/inviteAdminUser","buildConfig":{"runtime":"nodejs20","entryPoint":"inviteAdminUser","source":{"storageSource":{"bucket":"gcf-v2-sources-1077539477518-us-central1","object":"inviteAdminUser/function-source.zip","generation":"1785790491785139"}},"environmentVariables":{"GOOGLE_NODE_RUN_SCRIPTS":""},"serviceAccount":"projects/playground-pulse-8e2c4/serviceAccounts/1077539477518-compute@developer.gserviceaccount.com","automaticUpdatePolicy":{}},"serviceConfig":{"service":"projects/playground-pulse-8e2c4/locations/us-central1/services/inviteadminuser","timeoutSeconds":60,"environmentVariables":{"FIREBASE_CONFIG":"{\"projectId\":\"playground-pulse-8e2c4\",\"storageBucket\":\"playground-pulse-8e2c4.firebasestorage.app\"}","GCLOUD_PROJECT":"playground-pulse-8e2c4","EVENTARC_CLOUD_EVENT_SOURCE":"projects/playground-pulse-8e2c4/locations/us-central1/services/inviteAdminUser","FUNCTION_REGION":"us-central1","FUNCTION_TARGET":"inviteAdminUser","LOG_EXECUTION_ID":"true"},"ingressSettings":"ALLOW_ALL","serviceAccountEmail":"1077539477518-compute@developer.gserviceaccount.com","availableMemory":"256Mi","maxInstanceRequestConcurrency":80,"availableCpu":"1"},"labels":{"deployment-tool":"cli-firebase","deployment-callable":"true","firebase-functions-hash":"ef2ac0480cf0e98c73f26372714607a857c38103"},"environment":"GEN_2"},"stages":[{"name":"BUILD","state":"NOT_STARTED","stateMessages":[{"severity":"WARNING","type":"BuildAnalysisWarning","message":"Node.js 20 is no longer supported by the Node.js community as of 30 April, 2026. Node.js 20 will be decommissioned on 2026-10-30. As of 2026-10-30 you will no longer be able to deploy your Cloud Functions using nodejs20. We recommend you to upgrade to the latest version of Node.js as soon as possible."}]},{"name":"SERVICE","state":"NOT_STARTED"}],"operationType":"CREATE_FUNCTION"},"done":false}
[debug] [2026-08-03T20:55:39.076Z] [create-default-us-central1-inviteAdminUser] Retrying task index 0
[debug] [2026-08-03T20:55:39.076Z] Checked if tokens are valid: true, expires at: 1785793995014
[debug] [2026-08-03T20:55:39.076Z] Checked if tokens are valid: true, expires at: 1785793995014
[debug] [2026-08-03T20:55:39.076Z] >>> [apiv2][query] GET https://cloudfunctions.googleapis.com/v2/projects/playground-pulse-8e2c4/locations/us-central1/operations/operation-1785790490201-6582abfcfccbc-8456d043-057ff6e6 [none]
[debug] [2026-08-03T20:55:39.231Z] <<< [apiv2][status] GET https://cloudfunctions.googleapis.com/v2/projects/playground-pulse-8e2c4/locations/us-central1/operations/operation-1785790490201-6582abfcfccbc-8456d043-057ff6e6 200
[debug] [2026-08-03T20:55:39.231Z] <<< [apiv2][body] GET https://cloudfunctions.googleapis.com/v2/projects/playground-pulse-8e2c4/locations/us-central1/operations/operation-1785790490201-6582abfcfccbc-8456d043-057ff6e6 {"name":"projects/playground-pulse-8e2c4/locations/us-central1/operations/operation-1785790490201-6582abfcfccbc-8456d043-057ff6e6","metadata":{"@type":"type.googleapis.com/google.cloud.functions.v2.OperationMetadata","createTime":"2026-08-03T20:54:52.140118058Z","target":"projects/playground-pulse-8e2c4/locations/us-central1/functions/inviteAdminUser","verb":"create","cancelRequested":false,"apiVersion":"v2","requestResource":{"@type":"type.googleapis.com/google.cloud.functions.v2.Function","name":"projects/playground-pulse-8e2c4/locations/us-central1/functions/inviteAdminUser","buildConfig":{"runtime":"nodejs20","entryPoint":"inviteAdminUser","source":{"storageSource":{"bucket":"gcf-v2-sources-1077539477518-us-central1","object":"inviteAdminUser/function-source.zip","generation":"1785790491785139"}},"environmentVariables":{"GOOGLE_NODE_RUN_SCRIPTS":""},"serviceAccount":"projects/playground-pulse-8e2c4/serviceAccounts/1077539477518-compute@developer.gserviceaccount.com","automaticUpdatePolicy":{}},"serviceConfig":{"service":"projects/playground-pulse-8e2c4/locations/us-central1/services/inviteadminuser","timeoutSeconds":60,"environmentVariables":{"FIREBASE_CONFIG":"{\"projectId\":\"playground-pulse-8e2c4\",\"storageBucket\":\"playground-pulse-8e2c4.firebasestorage.app\"}","GCLOUD_PROJECT":"playground-pulse-8e2c4","EVENTARC_CLOUD_EVENT_SOURCE":"projects/playground-pulse-8e2c4/locations/us-central1/services/inviteAdminUser","FUNCTION_REGION":"us-central1","FUNCTION_TARGET":"inviteAdminUser","LOG_EXECUTION_ID":"true"},"ingressSettings":"ALLOW_ALL","serviceAccountEmail":"1077539477518-compute@developer.gserviceaccount.com","availableMemory":"256Mi","maxInstanceRequestConcurrency":80,"availableCpu":"1"},"labels":{"deployment-tool":"cli-firebase","deployment-callable":"true","firebase-functions-hash":"ef2ac0480cf0e98c73f26372714607a857c38103"},"environment":"GEN_2"},"stages":[{"name":"BUILD","state":"NOT_STARTED","stateMessages":[{"severity":"WARNING","type":"BuildAnalysisWarning","message":"Node.js 20 is no longer supported by the Node.js community as of 30 April, 2026. Node.js 20 will be decommissioned on 2026-10-30. As of 2026-10-30 you will no longer be able to deploy your Cloud Functions using nodejs20. We recommend you to upgrade to the latest version of Node.js as soon as possible."}]},{"name":"SERVICE","state":"NOT_STARTED"}],"operationType":"CREATE_FUNCTION"},"done":false}
[debug] [2026-08-03T20:55:49.234Z] [create-default-us-central1-inviteAdminUser] Retrying task index 0
[debug] [2026-08-03T20:55:49.235Z] Checked if tokens are valid: true, expires at: 1785793995014
[debug] [2026-08-03T20:55:49.235Z] Checked if tokens are valid: true, expires at: 1785793995014
[debug] [2026-08-03T20:55:49.235Z] >>> [apiv2][query] GET https://cloudfunctions.googleapis.com/v2/projects/playground-pulse-8e2c4/locations/us-central1/operations/operation-1785790490201-6582abfcfccbc-8456d043-057ff6e6 [none]
[debug] [2026-08-03T20:55:49.413Z] <<< [apiv2][status] GET https://cloudfunctions.googleapis.com/v2/projects/playground-pulse-8e2c4/locations/us-central1/operations/operation-1785790490201-6582abfcfccbc-8456d043-057ff6e6 200
[debug] [2026-08-03T20:55:49.414Z] <<< [apiv2][body] GET https://cloudfunctions.googleapis.com/v2/projects/playground-pulse-8e2c4/locations/us-central1/operations/operation-1785790490201-6582abfcfccbc-8456d043-057ff6e6 {"name":"projects/playground-pulse-8e2c4/locations/us-central1/operations/operation-1785790490201-6582abfcfccbc-8456d043-057ff6e6","metadata":{"@type":"type.googleapis.com/google.cloud.functions.v2.OperationMetadata","createTime":"2026-08-03T20:54:52.140118058Z","target":"projects/playground-pulse-8e2c4/locations/us-central1/functions/inviteAdminUser","verb":"create","cancelRequested":false,"apiVersion":"v2","requestResource":{"@type":"type.googleapis.com/google.cloud.functions.v2.Function","name":"projects/playground-pulse-8e2c4/locations/us-central1/functions/inviteAdminUser","buildConfig":{"runtime":"nodejs20","entryPoint":"inviteAdminUser","source":{"storageSource":{"bucket":"gcf-v2-sources-1077539477518-us-central1","object":"inviteAdminUser/function-source.zip","generation":"1785790491785139"}},"environmentVariables":{"GOOGLE_NODE_RUN_SCRIPTS":""},"serviceAccount":"projects/playground-pulse-8e2c4/serviceAccounts/1077539477518-compute@developer.gserviceaccount.com","automaticUpdatePolicy":{}},"serviceConfig":{"service":"projects/playground-pulse-8e2c4/locations/us-central1/services/inviteadminuser","timeoutSeconds":60,"environmentVariables":{"FIREBASE_CONFIG":"{\"projectId\":\"playground-pulse-8e2c4\",\"storageBucket\":\"playground-pulse-8e2c4.firebasestorage.app\"}","GCLOUD_PROJECT":"playground-pulse-8e2c4","EVENTARC_CLOUD_EVENT_SOURCE":"projects/playground-pulse-8e2c4/locations/us-central1/services/inviteAdminUser","FUNCTION_REGION":"us-central1","FUNCTION_TARGET":"inviteAdminUser","LOG_EXECUTION_ID":"true"},"ingressSettings":"ALLOW_ALL","serviceAccountEmail":"1077539477518-compute@developer.gserviceaccount.com","availableMemory":"256Mi","maxInstanceRequestConcurrency":80,"availableCpu":"1"},"labels":{"deployment-tool":"cli-firebase","deployment-callable":"true","firebase-functions-hash":"ef2ac0480cf0e98c73f26372714607a857c38103"},"environment":"GEN_2"},"stages":[{"name":"BUILD","message":"Build in progress","state":"IN_PROGRESS","resource":"projects/1077539477518/locations/us-central1/builds/e3b0bb67-df64-4346-a08f-08b2fefe1bb1","resourceUri":"https://console.cloud.google.com/cloud-build/builds;region=us-central1/e3b0bb67-df64-4346-a08f-08b2fefe1bb1?project=1077539477518"},{"name":"SERVICE","state":"NOT_STARTED"}],"operationType":"CREATE_FUNCTION","buildName":"projects/1077539477518/locations/us-central1/builds/e3b0bb67-df64-4346-a08f-08b2fefe1bb1"},"done":false}
[debug] [2026-08-03T20:55:59.428Z] [create-default-us-central1-inviteAdminUser] Retrying task index 0
[debug] [2026-08-03T20:55:59.428Z] Checked if tokens are valid: true, expires at: 1785793995014
[debug] [2026-08-03T20:55:59.428Z] Checked if tokens are valid: true, expires at: 1785793995014
[debug] [2026-08-03T20:55:59.428Z] >>> [apiv2][query] GET https://cloudfunctions.googleapis.com/v2/projects/playground-pulse-8e2c4/locations/us-central1/operations/operation-1785790490201-6582abfcfccbc-8456d043-057ff6e6 [none]
[debug] [2026-08-03T20:55:59.615Z] <<< [apiv2][status] GET https://cloudfunctions.googleapis.com/v2/projects/playground-pulse-8e2c4/locations/us-central1/operations/operation-1785790490201-6582abfcfccbc-8456d043-057ff6e6 200
[debug] [2026-08-03T20:55:59.616Z] <<< [apiv2][body] GET https://cloudfunctions.googleapis.com/v2/projects/playground-pulse-8e2c4/locations/us-central1/operations/operation-1785790490201-6582abfcfccbc-8456d043-057ff6e6 {"name":"projects/playground-pulse-8e2c4/locations/us-central1/operations/operation-1785790490201-6582abfcfccbc-8456d043-057ff6e6","metadata":{"@type":"type.googleapis.com/google.cloud.functions.v2.OperationMetadata","createTime":"2026-08-03T20:54:52.140118058Z","target":"projects/playground-pulse-8e2c4/locations/us-central1/functions/inviteAdminUser","verb":"create","cancelRequested":false,"apiVersion":"v2","requestResource":{"@type":"type.googleapis.com/google.cloud.functions.v2.Function","name":"projects/playground-pulse-8e2c4/locations/us-central1/functions/inviteAdminUser","buildConfig":{"runtime":"nodejs20","entryPoint":"inviteAdminUser","source":{"storageSource":{"bucket":"gcf-v2-sources-1077539477518-us-central1","object":"inviteAdminUser/function-source.zip","generation":"1785790491785139"}},"environmentVariables":{"GOOGLE_NODE_RUN_SCRIPTS":""},"serviceAccount":"projects/playground-pulse-8e2c4/serviceAccounts/1077539477518-compute@developer.gserviceaccount.com","automaticUpdatePolicy":{}},"serviceConfig":{"service":"projects/playground-pulse-8e2c4/locations/us-central1/services/inviteadminuser","timeoutSeconds":60,"environmentVariables":{"FIREBASE_CONFIG":"{\"projectId\":\"playground-pulse-8e2c4\",\"storageBucket\":\"playground-pulse-8e2c4.firebasestorage.app\"}","GCLOUD_PROJECT":"playground-pulse-8e2c4","EVENTARC_CLOUD_EVENT_SOURCE":"projects/playground-pulse-8e2c4/locations/us-central1/services/inviteAdminUser","FUNCTION_REGION":"us-central1","FUNCTION_TARGET":"inviteAdminUser","LOG_EXECUTION_ID":"true"},"ingressSettings":"ALLOW_ALL","serviceAccountEmail":"1077539477518-compute@developer.gserviceaccount.com","availableMemory":"256Mi","maxInstanceRequestConcurrency":80,"availableCpu":"1"},"labels":{"deployment-tool":"cli-firebase","deployment-callable":"true","firebase-functions-hash":"ef2ac0480cf0e98c73f26372714607a857c38103"},"environment":"GEN_2"},"stages":[{"name":"BUILD","message":"Build in progress","state":"IN_PROGRESS","resource":"projects/1077539477518/locations/us-central1/builds/e3b0bb67-df64-4346-a08f-08b2fefe1bb1","resourceUri":"https://console.cloud.google.com/cloud-build/builds;region=us-central1/e3b0bb67-df64-4346-a08f-08b2fefe1bb1?project=1077539477518"},{"name":"SERVICE","state":"NOT_STARTED"}],"operationType":"CREATE_FUNCTION","buildName":"projects/1077539477518/locations/us-central1/builds/e3b0bb67-df64-4346-a08f-08b2fefe1bb1"},"done":false}
[debug] [2026-08-03T20:56:09.618Z] [create-default-us-central1-inviteAdminUser] Retrying task index 0
[debug] [2026-08-03T20:56:09.618Z] Checked if tokens are valid: true, expires at: 1785793995014
[debug] [2026-08-03T20:56:09.618Z] Checked if tokens are valid: true, expires at: 1785793995014
[debug] [2026-08-03T20:56:09.618Z] >>> [apiv2][query] GET https://cloudfunctions.googleapis.com/v2/projects/playground-pulse-8e2c4/locations/us-central1/operations/operation-1785790490201-6582abfcfccbc-8456d043-057ff6e6 [none]
[debug] [2026-08-03T20:56:09.806Z] <<< [apiv2][status] GET https://cloudfunctions.googleapis.com/v2/projects/playground-pulse-8e2c4/locations/us-central1/operations/operation-1785790490201-6582abfcfccbc-8456d043-057ff6e6 200
[debug] [2026-08-03T20:56:09.806Z] <<< [apiv2][body] GET https://cloudfunctions.googleapis.com/v2/projects/playground-pulse-8e2c4/locations/us-central1/operations/operation-1785790490201-6582abfcfccbc-8456d043-057ff6e6 {"name":"projects/playground-pulse-8e2c4/locations/us-central1/operations/operation-1785790490201-6582abfcfccbc-8456d043-057ff6e6","metadata":{"@type":"type.googleapis.com/google.cloud.functions.v2.OperationMetadata","createTime":"2026-08-03T20:54:52.140118058Z","target":"projects/playground-pulse-8e2c4/locations/us-central1/functions/inviteAdminUser","verb":"create","cancelRequested":false,"apiVersion":"v2","requestResource":{"@type":"type.googleapis.com/google.cloud.functions.v2.Function","name":"projects/playground-pulse-8e2c4/locations/us-central1/functions/inviteAdminUser","buildConfig":{"runtime":"nodejs20","entryPoint":"inviteAdminUser","source":{"storageSource":{"bucket":"gcf-v2-sources-1077539477518-us-central1","object":"inviteAdminUser/function-source.zip","generation":"1785790491785139"}},"environmentVariables":{"GOOGLE_NODE_RUN_SCRIPTS":""},"serviceAccount":"projects/playground-pulse-8e2c4/serviceAccounts/1077539477518-compute@developer.gserviceaccount.com","automaticUpdatePolicy":{}},"serviceConfig":{"service":"projects/playground-pulse-8e2c4/locations/us-central1/services/inviteadminuser","timeoutSeconds":60,"environmentVariables":{"FIREBASE_CONFIG":"{\"projectId\":\"playground-pulse-8e2c4\",\"storageBucket\":\"playground-pulse-8e2c4.firebasestorage.app\"}","GCLOUD_PROJECT":"playground-pulse-8e2c4","EVENTARC_CLOUD_EVENT_SOURCE":"projects/playground-pulse-8e2c4/locations/us-central1/services/inviteAdminUser","FUNCTION_REGION":"us-central1","FUNCTION_TARGET":"inviteAdminUser","LOG_EXECUTION_ID":"true"},"ingressSettings":"ALLOW_ALL","serviceAccountEmail":"1077539477518-compute@developer.gserviceaccount.com","availableMemory":"256Mi","maxInstanceRequestConcurrency":80,"availableCpu":"1"},"labels":{"deployment-tool":"cli-firebase","deployment-callable":"true","firebase-functions-hash":"ef2ac0480cf0e98c73f26372714607a857c38103"},"environment":"GEN_2"},"stages":[{"name":"BUILD","message":"Build in progress","state":"IN_PROGRESS","resource":"projects/1077539477518/locations/us-central1/builds/e3b0bb67-df64-4346-a08f-08b2fefe1bb1","resourceUri":"https://console.cloud.google.com/cloud-build/builds;region=us-central1/e3b0bb67-df64-4346-a08f-08b2fefe1bb1?project=1077539477518"},{"name":"SERVICE","state":"NOT_STARTED"}],"operationType":"CREATE_FUNCTION","buildName":"projects/1077539477518/locations/us-central1/builds/e3b0bb67-df64-4346-a08f-08b2fefe1bb1"},"done":false}
[debug] [2026-08-03T20:56:19.811Z] [create-default-us-central1-inviteAdminUser] Retrying task index 0
[debug] [2026-08-03T20:56:19.811Z] Checked if tokens are valid: true, expires at: 1785793995014
[debug] [2026-08-03T20:56:19.811Z] Checked if tokens are valid: true, expires at: 1785793995014
[debug] [2026-08-03T20:56:19.812Z] >>> [apiv2][query] GET https://cloudfunctions.googleapis.com/v2/projects/playground-pulse-8e2c4/locations/us-central1/operations/operation-1785790490201-6582abfcfccbc-8456d043-057ff6e6 [none]
[debug] [2026-08-03T20:56:20.010Z] <<< [apiv2][status] GET https://cloudfunctions.googleapis.com/v2/projects/playground-pulse-8e2c4/locations/us-central1/operations/operation-1785790490201-6582abfcfccbc-8456d043-057ff6e6 200
[debug] [2026-08-03T20:56:20.010Z] <<< [apiv2][body] GET https://cloudfunctions.googleapis.com/v2/projects/playground-pulse-8e2c4/locations/us-central1/operations/operation-1785790490201-6582abfcfccbc-8456d043-057ff6e6 {"name":"projects/playground-pulse-8e2c4/locations/us-central1/operations/operation-1785790490201-6582abfcfccbc-8456d043-057ff6e6","metadata":{"@type":"type.googleapis.com/google.cloud.functions.v2.OperationMetadata","createTime":"2026-08-03T20:54:52.140118058Z","target":"projects/playground-pulse-8e2c4/locations/us-central1/functions/inviteAdminUser","verb":"create","cancelRequested":false,"apiVersion":"v2","requestResource":{"@type":"type.googleapis.com/google.cloud.functions.v2.Function","name":"projects/playground-pulse-8e2c4/locations/us-central1/functions/inviteAdminUser","buildConfig":{"runtime":"nodejs20","entryPoint":"inviteAdminUser","source":{"storageSource":{"bucket":"gcf-v2-sources-1077539477518-us-central1","object":"inviteAdminUser/function-source.zip","generation":"1785790491785139"}},"environmentVariables":{"GOOGLE_NODE_RUN_SCRIPTS":""},"serviceAccount":"projects/playground-pulse-8e2c4/serviceAccounts/1077539477518-compute@developer.gserviceaccount.com","automaticUpdatePolicy":{}},"serviceConfig":{"service":"projects/playground-pulse-8e2c4/locations/us-central1/services/inviteadminuser","timeoutSeconds":60,"environmentVariables":{"FIREBASE_CONFIG":"{\"projectId\":\"playground-pulse-8e2c4\",\"storageBucket\":\"playground-pulse-8e2c4.firebasestorage.app\"}","GCLOUD_PROJECT":"playground-pulse-8e2c4","EVENTARC_CLOUD_EVENT_SOURCE":"projects/playground-pulse-8e2c4/locations/us-central1/services/inviteAdminUser","FUNCTION_REGION":"us-central1","FUNCTION_TARGET":"inviteAdminUser","LOG_EXECUTION_ID":"true"},"ingressSettings":"ALLOW_ALL","serviceAccountEmail":"1077539477518-compute@developer.gserviceaccount.com","availableMemory":"256Mi","maxInstanceRequestConcurrency":80,"availableCpu":"1"},"labels":{"deployment-tool":"cli-firebase","deployment-callable":"true","firebase-functions-hash":"ef2ac0480cf0e98c73f26372714607a857c38103"},"environment":"GEN_2"},"stages":[{"name":"BUILD","message":"Build in progress","state":"IN_PROGRESS","resource":"projects/1077539477518/locations/us-central1/builds/e3b0bb67-df64-4346-a08f-08b2fefe1bb1","resourceUri":"https://console.cloud.google.com/cloud-build/builds;region=us-central1/e3b0bb67-df64-4346-a08f-08b2fefe1bb1?project=1077539477518"},{"name":"SERVICE","state":"NOT_STARTED"}],"operationType":"CREATE_FUNCTION","buildName":"projects/1077539477518/locations/us-central1/builds/e3b0bb67-df64-4346-a08f-08b2fefe1bb1"},"done":false}
[debug] [2026-08-03T20:56:30.021Z] [create-default-us-central1-inviteAdminUser] Retrying task index 0
[debug] [2026-08-03T20:56:30.022Z] Checked if tokens are valid: true, expires at: 1785793995014
[debug] [2026-08-03T20:56:30.022Z] Checked if tokens are valid: true, expires at: 1785793995014
[debug] [2026-08-03T20:56:30.022Z] >>> [apiv2][query] GET https://cloudfunctions.googleapis.com/v2/projects/playground-pulse-8e2c4/locations/us-central1/operations/operation-1785790490201-6582abfcfccbc-8456d043-057ff6e6 [none]
[debug] [2026-08-03T20:56:30.188Z] <<< [apiv2][status] GET https://cloudfunctions.googleapis.com/v2/projects/playground-pulse-8e2c4/locations/us-central1/operations/operation-1785790490201-6582abfcfccbc-8456d043-057ff6e6 200
[debug] [2026-08-03T20:56:30.188Z] <<< [apiv2][body] GET https://cloudfunctions.googleapis.com/v2/projects/playground-pulse-8e2c4/locations/us-central1/operations/operation-1785790490201-6582abfcfccbc-8456d043-057ff6e6 {"name":"projects/playground-pulse-8e2c4/locations/us-central1/operations/operation-1785790490201-6582abfcfccbc-8456d043-057ff6e6","metadata":{"@type":"type.googleapis.com/google.cloud.functions.v2.OperationMetadata","createTime":"2026-08-03T20:54:52.140118058Z","target":"projects/playground-pulse-8e2c4/locations/us-central1/functions/inviteAdminUser","verb":"create","cancelRequested":false,"apiVersion":"v2","requestResource":{"@type":"type.googleapis.com/google.cloud.functions.v2.Function","name":"projects/playground-pulse-8e2c4/locations/us-central1/functions/inviteAdminUser","buildConfig":{"runtime":"nodejs20","entryPoint":"inviteAdminUser","source":{"storageSource":{"bucket":"gcf-v2-sources-1077539477518-us-central1","object":"inviteAdminUser/function-source.zip","generation":"1785790491785139"}},"environmentVariables":{"GOOGLE_NODE_RUN_SCRIPTS":""},"serviceAccount":"projects/playground-pulse-8e2c4/serviceAccounts/1077539477518-compute@developer.gserviceaccount.com","automaticUpdatePolicy":{}},"serviceConfig":{"service":"projects/playground-pulse-8e2c4/locations/us-central1/services/inviteadminuser","timeoutSeconds":60,"environmentVariables":{"FIREBASE_CONFIG":"{\"projectId\":\"playground-pulse-8e2c4\",\"storageBucket\":\"playground-pulse-8e2c4.firebasestorage.app\"}","GCLOUD_PROJECT":"playground-pulse-8e2c4","EVENTARC_CLOUD_EVENT_SOURCE":"projects/playground-pulse-8e2c4/locations/us-central1/services/inviteAdminUser","FUNCTION_REGION":"us-central1","FUNCTION_TARGET":"inviteAdminUser","LOG_EXECUTION_ID":"true"},"ingressSettings":"ALLOW_ALL","serviceAccountEmail":"1077539477518-compute@developer.gserviceaccount.com","availableMemory":"256Mi","maxInstanceRequestConcurrency":80,"availableCpu":"1"},"labels":{"deployment-tool":"cli-firebase","deployment-callable":"true","firebase-functions-hash":"ef2ac0480cf0e98c73f26372714607a857c38103"},"environment":"GEN_2"},"stages":[{"name":"BUILD","message":"Build finished","state":"COMPLETE","resource":"projects/1077539477518/locations/us-central1/builds/e3b0bb67-df64-4346-a08f-08b2fefe1bb1","resourceUri":"https://console.cloud.google.com/cloud-build/builds;region=us-central1/e3b0bb67-df64-4346-a08f-08b2fefe1bb1?project=1077539477518"},{"name":"SERVICE","message":"Creating Cloud Run service","state":"IN_PROGRESS","resource":"projects/playground-pulse-8e2c4/locations/us-central1/services/inviteadminuser","resourceUri":"https://console.cloud.google.com/run/detail/us-central1/inviteadminuser?project=playground-pulse-8e2c4"}],"sourceToken":"Clhwcm9qZWN0cy8xMDc3NTM5NDc3NTE4L2xvY2F0aW9ucy91cy1jZW50cmFsMS9idWlsZHMvZTNiMGJiNjctZGY2NC00MzQ2LWEwOGYtMDhiMmZlZmUxYmIxEoMBdXMtY2VudHJhbDEtZG9ja2VyLnBrZy5kZXYvcGxheWdyb3VuZC1wdWxzZS04ZTJjNC9nY2YtYXJ0aWZhY3RzL3BsYXlncm91bmQtLXB1bHNlLS04ZTJjNF9fdXMtLWNlbnRyYWwxX19pbnZpdGVfYWRtaW5fdXNlcjp2ZXJzaW9uXzEYjrDukq4fIk9wcm9qZWN0cy9wbGF5Z3JvdW5kLXB1bHNlLThlMmM0L2xvY2F0aW9ucy91cy1jZW50cmFsMS9mdW5jdGlvbnMvaW52aXRlQWRtaW5Vc2VyKgsI/YDE0wYQyLzteTIIbm9kZWpzMjA6dgojZ2NyLmlvL2dhZS1ydW50aW1lcy9ub2RlanMyMDpzdGFibGUST3VzLWNlbnRyYWwxLWRvY2tlci5wa2cuZGV2L3NlcnZlcmxlc3MtcnVudGltZXMvZ29vZ2xlLTIyLWZ1bGwvcnVudGltZXMvbm9kZWpzMjBAAQ==","operationType":"CREATE_FUNCTION","buildName":"projects/1077539477518/locations/us-central1/builds/e3b0bb67-df64-4346-a08f-08b2fefe1bb1"},"done":false}
[debug] [2026-08-03T20:56:30.188Z] Got source token Clhwcm9qZWN0cy8xMDc3NTM5NDc3NTE4L2xvY2F0aW9ucy91cy1jZW50cmFsMS9idWlsZHMvZTNiMGJiNjctZGY2NC00MzQ2LWEwOGYtMDhiMmZlZmUxYmIxEoMBdXMtY2VudHJhbDEtZG9ja2VyLnBrZy5kZXYvcGxheWdyb3VuZC1wdWxzZS04ZTJjNC9nY2YtYXJ0aWZhY3RzL3BsYXlncm91bmQtLXB1bHNlLS04ZTJjNF9fdXMtLWNlbnRyYWwxX19pbnZpdGVfYWRtaW5fdXNlcjp2ZXJzaW9uXzEYjrDukq4fIk9wcm9qZWN0cy9wbGF5Z3JvdW5kLXB1bHNlLThlMmM0L2xvY2F0aW9ucy91cy1jZW50cmFsMS9mdW5jdGlvbnMvaW52aXRlQWRtaW5Vc2VyKgsI/YDE0wYQyLzteTIIbm9kZWpzMjA6dgojZ2NyLmlvL2dhZS1ydW50aW1lcy9ub2RlanMyMDpzdGFibGUST3VzLWNlbnRyYWwxLWRvY2tlci5wa2cuZGV2L3NlcnZlcmxlc3MtcnVudGltZXMvZ29vZ2xlLTIyLWZ1bGwvcnVudGltZXMvbm9kZWpzMjBAAQ== for region us-central1
[debug] [2026-08-03T20:56:40.199Z] [create-default-us-central1-inviteAdminUser] Retrying task index 0
[debug] [2026-08-03T20:56:40.200Z] Checked if tokens are valid: true, expires at: 1785793995014
[debug] [2026-08-03T20:56:40.200Z] Checked if tokens are valid: true, expires at: 1785793995014
[debug] [2026-08-03T20:56:40.200Z] >>> [apiv2][query] GET https://cloudfunctions.googleapis.com/v2/projects/playground-pulse-8e2c4/locations/us-central1/operations/operation-1785790490201-6582abfcfccbc-8456d043-057ff6e6 [none]
[debug] [2026-08-03T20:56:40.437Z] <<< [apiv2][status] GET https://cloudfunctions.googleapis.com/v2/projects/playground-pulse-8e2c4/locations/us-central1/operations/operation-1785790490201-6582abfcfccbc-8456d043-057ff6e6 200
[debug] [2026-08-03T20:56:40.437Z] <<< [apiv2][body] GET https://cloudfunctions.googleapis.com/v2/projects/playground-pulse-8e2c4/locations/us-central1/operations/operation-1785790490201-6582abfcfccbc-8456d043-057ff6e6 {"name":"projects/playground-pulse-8e2c4/locations/us-central1/operations/operation-1785790490201-6582abfcfccbc-8456d043-057ff6e6","metadata":{"@type":"type.googleapis.com/google.cloud.functions.v2.OperationMetadata","createTime":"2026-08-03T20:54:52.140118058Z","endTime":"2026-08-03T20:56:37.798837209Z","target":"projects/playground-pulse-8e2c4/locations/us-central1/functions/inviteAdminUser","verb":"create","cancelRequested":false,"apiVersion":"v2","requestResource":{"@type":"type.googleapis.com/google.cloud.functions.v2.Function","name":"projects/playground-pulse-8e2c4/locations/us-central1/functions/inviteAdminUser","buildConfig":{"runtime":"nodejs20","entryPoint":"inviteAdminUser","source":{"storageSource":{"bucket":"gcf-v2-sources-1077539477518-us-central1","object":"inviteAdminUser/function-source.zip","generation":"1785790491785139"}},"environmentVariables":{"GOOGLE_NODE_RUN_SCRIPTS":""},"serviceAccount":"projects/playground-pulse-8e2c4/serviceAccounts/1077539477518-compute@developer.gserviceaccount.com","automaticUpdatePolicy":{}},"serviceConfig":{"service":"projects/playground-pulse-8e2c4/locations/us-central1/services/inviteadminuser","timeoutSeconds":60,"environmentVariables":{"FIREBASE_CONFIG":"{\"projectId\":\"playground-pulse-8e2c4\",\"storageBucket\":\"playground-pulse-8e2c4.firebasestorage.app\"}","GCLOUD_PROJECT":"playground-pulse-8e2c4","EVENTARC_CLOUD_EVENT_SOURCE":"projects/playground-pulse-8e2c4/locations/us-central1/services/inviteAdminUser","FUNCTION_REGION":"us-central1","FUNCTION_TARGET":"inviteAdminUser","LOG_EXECUTION_ID":"true"},"ingressSettings":"ALLOW_ALL","serviceAccountEmail":"1077539477518-compute@developer.gserviceaccount.com","availableMemory":"256Mi","maxInstanceRequestConcurrency":80,"availableCpu":"1"},"labels":{"deployment-tool":"cli-firebase","deployment-callable":"true","firebase-functions-hash":"ef2ac0480cf0e98c73f26372714607a857c38103"},"environment":"GEN_2"},"stages":[{"name":"BUILD","message":"Build finished","state":"COMPLETE","resource":"projects/1077539477518/locations/us-central1/builds/e3b0bb67-df64-4346-a08f-08b2fefe1bb1","resourceUri":"https://console.cloud.google.com/cloud-build/builds;region=us-central1/e3b0bb67-df64-4346-a08f-08b2fefe1bb1?project=1077539477518"},{"name":"SERVICE","message":"Creating Cloud Run service","state":"COMPLETE","resource":"projects/playground-pulse-8e2c4/locations/us-central1/services/inviteadminuser","resourceUri":"https://console.cloud.google.com/run/detail/us-central1/inviteadminuser?project=playground-pulse-8e2c4"}],"sourceToken":"Clhwcm9qZWN0cy8xMDc3NTM5NDc3NTE4L2xvY2F0aW9ucy91cy1jZW50cmFsMS9idWlsZHMvZTNiMGJiNjctZGY2NC00MzQ2LWEwOGYtMDhiMmZlZmUxYmIxEoMBdXMtY2VudHJhbDEtZG9ja2VyLnBrZy5kZXYvcGxheWdyb3VuZC1wdWxzZS04ZTJjNC9nY2YtYXJ0aWZhY3RzL3BsYXlncm91bmQtLXB1bHNlLS04ZTJjNF9fdXMtLWNlbnRyYWwxX19pbnZpdGVfYWRtaW5fdXNlcjp2ZXJzaW9uXzEYjrDukq4fIk9wcm9qZWN0cy9wbGF5Z3JvdW5kLXB1bHNlLThlMmM0L2xvY2F0aW9ucy91cy1jZW50cmFsMS9mdW5jdGlvbnMvaW52aXRlQWRtaW5Vc2VyKgsI/YDE0wYQyLzteTIIbm9kZWpzMjA6dgojZ2NyLmlvL2dhZS1ydW50aW1lcy9ub2RlanMyMDpzdGFibGUST3VzLWNlbnRyYWwxLWRvY2tlci5wa2cuZGV2L3NlcnZlcmxlc3MtcnVudGltZXMvZ29vZ2xlLTIyLWZ1bGwvcnVudGltZXMvbm9kZWpzMjBAAQ==","operationType":"CREATE_FUNCTION","buildName":"projects/1077539477518/locations/us-central1/builds/e3b0bb67-df64-4346-a08f-08b2fefe1bb1"},"done":true,"response":{"@type":"type.googleapis.com/google.cloud.functions.v2.Function","name":"projects/playground-pulse-8e2c4/locations/us-central1/functions/inviteAdminUser","buildConfig":{"build":"projects/1077539477518/locations/us-central1/builds/e3b0bb67-df64-4346-a08f-08b2fefe1bb1","runtime":"nodejs20","entryPoint":"inviteAdminUser","source":{"storageSource":{"bucket":"gcf-v2-sources-1077539477518-us-central1","object":"inviteAdminUser/function-source.zip","generation":"1785790491785139"}},"environmentVariables":{"GOOGLE_NODE_RUN_SCRIPTS":""},"dockerRepository":"projects/playground-pulse-8e2c4/locations/us-central1/repositories/gcf-artifacts","sourceProvenance":{"resolvedStorageSource":{"bucket":"gcf-v2-sources-1077539477518-us-central1","object":"inviteAdminUser/function-source.zip","generation":"1785790491785139"}},"dockerRegistry":"ARTIFACT_REGISTRY","serviceAccount":"projects/playground-pulse-8e2c4/serviceAccounts/1077539477518-compute@developer.gserviceaccount.com","automaticUpdatePolicy":{}},"serviceConfig":{"service":"projects/playground-pulse-8e2c4/locations/us-central1/services/inviteadminuser","timeoutSeconds":60,"environmentVariables":{"FIREBASE_CONFIG":"{\"projectId\":\"playground-pulse-8e2c4\",\"storageBucket\":\"playground-pulse-8e2c4.firebasestorage.app\"}","GCLOUD_PROJECT":"playground-pulse-8e2c4","EVENTARC_CLOUD_EVENT_SOURCE":"projects/playground-pulse-8e2c4/locations/us-central1/services/inviteAdminUser","FUNCTION_REGION":"us-central1","FUNCTION_TARGET":"inviteAdminUser","LOG_EXECUTION_ID":"true"},"ingressSettings":"ALLOW_ALL","uri":"https://inviteadminuser-27a4ctx37q-uc.a.run.app","serviceAccountEmail":"1077539477518-compute@developer.gserviceaccount.com","availableMemory":"256Mi","allTrafficOnLatestRevision":true,"revision":"inviteadminuser-00001-liw","maxInstanceRequestConcurrency":80,"availableCpu":"1"},"state":"ACTIVE","updateTime":"2026-08-03T20:54:52.134882509Z","labels":{"deployment-callable":"true","firebase-functions-hash":"ef2ac0480cf0e98c73f26372714607a857c38103","deployment-tool":"cli-firebase"},"environment":"GEN_2","url":"https://us-central1-playground-pulse-8e2c4.cloudfunctions.net/inviteAdminUser","createTime":"2026-08-03T20:54:52.134882509Z","satisfiesPzi":true}}
[debug] [2026-08-03T20:56:40.437Z] Got source token Clhwcm9qZWN0cy8xMDc3NTM5NDc3NTE4L2xvY2F0aW9ucy91cy1jZW50cmFsMS9idWlsZHMvZTNiMGJiNjctZGY2NC00MzQ2LWEwOGYtMDhiMmZlZmUxYmIxEoMBdXMtY2VudHJhbDEtZG9ja2VyLnBrZy5kZXYvcGxheWdyb3VuZC1wdWxzZS04ZTJjNC9nY2YtYXJ0aWZhY3RzL3BsYXlncm91bmQtLXB1bHNlLS04ZTJjNF9fdXMtLWNlbnRyYWwxX19pbnZpdGVfYWRtaW5fdXNlcjp2ZXJzaW9uXzEYjrDukq4fIk9wcm9qZWN0cy9wbGF5Z3JvdW5kLXB1bHNlLThlMmM0L2xvY2F0aW9ucy91cy1jZW50cmFsMS9mdW5jdGlvbnMvaW52aXRlQWRtaW5Vc2VyKgsI/YDE0wYQyLzteTIIbm9kZWpzMjA6dgojZ2NyLmlvL2dhZS1ydW50aW1lcy9ub2RlanMyMDpzdGFibGUST3VzLWNlbnRyYWwxLWRvY2tlci5wa2cuZGV2L3NlcnZlcmxlc3MtcnVudGltZXMvZ29vZ2xlLTIyLWZ1bGwvcnVudGltZXMvbm9kZWpzMjBAAQ== for region us-central1
[debug] [2026-08-03T20:56:40.438Z] Checked if tokens are valid: true, expires at: 1785793995014
[debug] [2026-08-03T20:56:40.438Z] Checked if tokens are valid: true, expires at: 1785793995014
[debug] [2026-08-03T20:56:40.438Z] >>> [apiv2][query] POST https://run.googleapis.com/v1/projects/playground-pulse-8e2c4/locations/us-central1/services/inviteadminuser:setIamPolicy [none]
[debug] [2026-08-03T20:56:40.438Z] >>> [apiv2][body] POST https://run.googleapis.com/v1/projects/playground-pulse-8e2c4/locations/us-central1/services/inviteadminuser:setIamPolicy {"policy":{"bindings":[{"role":"roles/run.invoker","members":["allUsers"]}],"etag":"","version":3},"updateMask":"bindings,etag,version"}
[debug] [2026-08-03T20:56:41.102Z] <<< [apiv2][status] POST https://run.googleapis.com/v1/projects/playground-pulse-8e2c4/locations/us-central1/services/inviteadminuser:setIamPolicy 200
[debug] [2026-08-03T20:56:41.102Z] <<< [apiv2][body] POST https://run.googleapis.com/v1/projects/playground-pulse-8e2c4/locations/us-central1/services/inviteadminuser:setIamPolicy {"version":1,"etag":"BwZYKsZtNFc=","bindings":[{"role":"roles/run.invoker","members":["allUsers"]}]}
[info] +  functions[inviteAdminUser(us-central1)] Successful create operation. 
[debug] [2026-08-03T20:56:41.108Z] Total Function Deployment time: 111114
[debug] [2026-08-03T20:56:41.108Z] 1 Functions Deployed
[debug] [2026-08-03T20:56:41.108Z] 0 Functions Errored
[debug] [2026-08-03T20:56:41.108Z] 0 Function Deployments Aborted
[debug] [2026-08-03T20:56:41.108Z] Average Function Deployment time: 111113
[debug] [2026-08-03T20:56:41.109Z] Checked if tokens are valid: true, expires at: 1785793995014
[debug] [2026-08-03T20:56:41.109Z] Checked if tokens are valid: true, expires at: 1785793995014
[debug] [2026-08-03T20:56:41.109Z] >>> [apiv2][query] GET https://artifactregistry.googleapis.com/v1/projects/playground-pulse-8e2c4/locations/us-central1/repositories/gcf-artifacts [none]
[debug] [2026-08-03T20:56:41.487Z] <<< [apiv2][status] GET https://artifactregistry.googleapis.com/v1/projects/playground-pulse-8e2c4/locations/us-central1/repositories/gcf-artifacts 200
[debug] [2026-08-03T20:56:41.487Z] <<< [apiv2][body] GET https://artifactregistry.googleapis.com/v1/projects/playground-pulse-8e2c4/locations/us-central1/repositories/gcf-artifacts {"name":"projects/playground-pulse-8e2c4/locations/us-central1/repositories/gcf-artifacts","format":"DOCKER","description":"This repository is created and used by Cloud Functions for storing function docker images.","labels":{"goog-managed-by":"cloudfunctions"},"createTime":"2026-08-03T20:55:39.776121Z","updateTime":"2026-08-03T20:56:21.903874Z","mode":"STANDARD_REPOSITORY","sizeBytes":"91534140","vulnerabilityScanningConfig":{"lastEnableTime":"2026-08-03T20:55:25.742973560Z","enablementState":"SCANNING_DISABLED","enablementStateReason":"API containerscanning.googleapis.com is not enabled."},"satisfiesPzi":true,"registryUri":"us-central1-docker.pkg.dev/playground-pulse-8e2c4/gcf-artifacts"}
[warn] !  functions: No cleanup policy detected for repositories in us-central1. This may result in a small monthly bill as container images accumulate over time. 
